BRANCH_ID;REGION;CITY;TOWN;BRANCH_TOWN;LAT;LON
637-KA1;Karadeniz;Kastamonu;ABANA;SEYDILER;4197583330;3401138890
550-NE1;Ic Anadolu;Nevsehir;ACIGOL;NEVSEHIR MERKEZ;3855289060;3450575250
320-DE1;Ege;Denizli;ACIPAYAM;ACIPAYAM;3743333330;2935000000
212-BI1;Dogu Anadolu;Bingol;ADAKLI;BINGOL MERKEZ;3922817760;4048339550
734-IS4;Marmara;Istanbul;ADALAR;SULTANBEYLI;4087637720;2909544400
754-SA2;Marmara;Sakarya;ADAPAZARI;ERENLER;4078885500;3040595400
42-AD1;Guneydogu Anadolu;Adıyaman;ADIYAMAN MERKEZ;ADIYAMAN MERKEZ;3776416670;3827616670
213-BI1;Dogu Anadolu;Bitlis;ADILCEVAZ;BITLIS MERKEZ;3880666710;4273463770
146-KA1;Akdeniz;Kahramanmaras;AFSIN;ELBISTAN;3825000000;3691666670
33-AF1;Ege;Afyonkarahisar;AFYONKARAHISAR MERKEZ;AFYONKARAHISAR MERKEZ;3876376000;3054034000
568-AK1;Ic Anadolu;Aksaray;AGACOREN;AGACOREN;3887222220;3391722220
223-EL1;Dogu Anadolu;Elazıg;AGIN;ELAZIG MERKEZ;3894222220;3871555560
115-BU1;Akdeniz;Burdur;AGLASUN;BURDUR MERKEZ;3765771600;3053234200
637-KA1;Karadeniz;Kastamonu;AGLI;SEYDILER;4168736120;3355346650
24-AG2;Dogu Anadolu;Agrı;AGRI MERKEZ;HAMUR;3972166670;4305666670
542-KO4;Ic Anadolu;Konya;AHIRLI;MERAM;3723750000;3211805560
213-BI1;Dogu Anadolu;Bitlis;AHLAT;BITLIS MERKEZ;3875277780;4249444440
345-MA3;Ege;Manisa;AHMETLI;SALIHLI;3852150640;2793954540
661-TR2;Karadeniz;Trabzon;AKCAABAT;TRABZON MERKEZ;4101666670;3958333330
244-MA2;Dogu Anadolu;Malatya;AKCADAG;MALATYA;3835000000;3796666670
463-SA2;Guneydogu Anadolu;Sanlıurfa;AKCAKALE;SANLIURFA MERKEZ;3671100000;3894800000
540-KI1;Ic Anadolu;Kırsehir;AKCAKENT;KIRSEHIR;3962277780;3409583330
681-DU1;Karadeniz;Duzce;AKCAKOCA;DUZCE MERKEZ;4108593000;3112004100
566-YO2;Ic Anadolu;Yozgat;AKDAGMADENI;SORGUN;3966583330;3588361110
133-ME1;Akdeniz;Mersin;AKDENIZ;GULNAR;3680000000;3463333330
345-MA1;Ege;Manisa;AKHISAR;KIRKAGAC;3892469000;2783618000
558-SI1;Ic Anadolu;Sivas;AKINCILAR;IMRANLI;4008030000;3834720000
538-KA1;Ic Anadolu;Kayseri;AKKISLA;BUNYAN;3900000000;3616666670
320-DE3;Ege;Denizli;AKKOY;DENIZLI MERKEZ;3795580000;2907860000
652-OR2;Karadeniz;Ordu;AKKUS;UNYE;4079305560;3701638890
542-KO4;Ic Anadolu;Konya;AKOREN;MERAM;3745694440;3236944440
540-KI1;Ic Anadolu;Kırsehir;AKPINAR;KIRSEHIR;3944722220;3396805560
568-AK2;Ic Anadolu;Aksaray;AKSARAY MERKEZ;AKSARAY MERKEZ;3836869000;3403698000
17-AN4;Akdeniz;Antalya;AKSEKI;MANAVGAT;3705152900;3178381000
17-AN3;Akdeniz;Antalya;AKSU;KEPEZ;3694668050;3083984500
132-IS1;Akdeniz;Isparta;AKSU/ISPARTA;ISPARTA MERKEZ;3694668050;3083984500
542-KO2;Ic Anadolu;Konya;AKSEHIR;DOGANHISAR;3835591100;3141540900
236-KA1;Dogu Anadolu;Kars;AKYAKA;KARS MERKEZ;4074444440;4362500000
754-SA1;Marmara;Sakarya;AKYAZI;AKYAZI;4068333330;3062527780
56-AN2;Ic Anadolu;Ankara;AKYURT;CUBUK;4013333330;3308333330
619-CO1;Karadeniz;Corum;ALACA;CORUM MERKEZ;4017366000;3484423800
223-EL2;Dogu Anadolu;Elazıg;ALACAKAYA;KOVANCILAR;3845324400;3985127620
655-SA1;Karadeniz;Samsun;ALACAM;BAFRA;4161691850;3560541660
11-AD2;Akdeniz;Adana;ALADAG;KOZAN;3754637900;3540296200
17-AN1;Akdeniz;Antalya;ALANYA;ALANYA;3656013900;3200212100
667-ZO1;Karadeniz;Zonguldak;ALAPLI;EREGLI/ZONGULDAK;4118333330;3138333330
345-MA3;Ege;Manisa;ALASEHIR;SALIHLI;3835086100;2851516900
335-IZ1;Ege;Izmir;ALIAGA;BERGAMA;3879500000;2697027780
660-TO1;Karadeniz;Tokat;ALMUS;TOKAT MERKEZ;4037571970;3690441040
526-ES2;Ic Anadolu;Eskisehir;ALPU;TEPEBASI;3976055560;3095805560
56-AN1;Ic Anadolu;Ankara;ALTINDAG;CANKAYA;3992077000;3285411000
542-KO1;Ic Anadolu;Konya;ALTINEKIN;CIHANBEYLI;3830777780;3286861110
777-YA1;Marmara;Yalova;ALTINOVA;YALOVA MERKEZ;4069750000;2951138890
131-HA2;Akdeniz;Hatay;ALTINOZU;HATAY MERKEZ;3611666670;3625000000
343-KU2;Ege;Kutahya;ALTINTAS;KUTAHYA;3906152280;3010984720
115-BU1;Akdeniz;Burdur;ALTINYAYLA/BURDUR;BURDUR MERKEZ;3699863100;2954598000
558-SI2;Ic Anadolu;Sivas;ALTINYAYLA/SIVAS;SIVAS MERKEZ;3927200000;3675200000
551-NI1;Ic Anadolu;Nigde;ALTUNHISAR;NIGDE MERKEZ;3800000000;3436666670
628-GI1;Karadeniz;Giresun;ALUCRA;GIRESUN MERKEZ;4031666670;3876666670
674-BA1;Karadeniz;Bartın;AMASRA;BARTIN MERKEZ;4174514250;3238465870
65-AM1;Karadeniz;Amasya;AMASYA MERKEZ;AMASYA MERKEZ;4065000000;3583333330
133-ME2;Akdeniz;Mersin;ANAMUR;SILIFKE;3607515000;3283853900
146-KA2;Akdeniz;Kahramanmaras;ANDIRIN;GOKSUN;3757634500;3635251830
427-GA2;Guneydogu Anadolu;Gaziantep;ARABAN;NIZIP;3742650420;3768920620
637-KA1;Karadeniz;Kastamonu;ARAC;SEYDILER;4124222220;3332833330
661-TR1;Karadeniz;Trabzon;ARAKLI;SURMENE;4093916080;4005503960
276-IG1;Dogu Anadolu;Igdır;ARALIK;IGDIR MERKEZ;3987200680;4451813430
244-MA1;Dogu Anadolu;Malatya;ARAPGIR;HEKIMHAN;3904668470;3848782340
275-AR1;Dogu Anadolu;Ardahan;ARDAHAN MERKEZ;ARDAHAN MERKEZ;4111048100;4270217100
68-AR1;Karadeniz;Artvin;ARDANUC;ARTVIN MERKEZ;4112860000;4205920000
653-RI1;Karadeniz;Rize;ARDESEN;RIZE MERKEZ;4118781140;4097066910
244-MA1;Dogu Anadolu;Malatya;ARGUVAN;HEKIMHAN;3877302930;3827138670
68-AR1;Karadeniz;Artvin;ARHAVI;ARTVIN MERKEZ;4135209760;4131158460
223-EL2;Dogu Anadolu;Elazıg;ARICAK;KOVANCILAR;3856666670;4013333330
754-SA2;Marmara;Sakarya;ARIFIYE;ERENLER;4071454100;3036237500
777-YA1;Marmara;Yalova;ARMUTLU;YALOVA MERKEZ;4051944440;2882805560
734-IS1;Marmara;Istanbul;ARNAVUTKOY;ESENYURT;4120000000;2873333300
236-KA1;Dogu Anadolu;Kars;ARPACAY;KARS MERKEZ;4085000000;4333333330
661-TR1;Karadeniz;Trabzon;ARSIN;SURMENE;4095329230;3992555500
660-TO1;Karadeniz;Tokat;ARTOVA;TOKAT MERKEZ;4011542600;3630415520
68-AR1;Karadeniz;Artvin;ARTVIN MERKEZ;ARTVIN MERKEZ;4118333330;4181666670
655-SA3;Karadeniz;Samsun;ASARCIK;ILKADIM;4104181530;3623020400
343-KU2;Ege;Kutahya;ASLANAPA;KUTAHYA;3921904000;2987431900
225-ER2;Dogu Anadolu;Erzurum;ASKALE;YAKUTIYE;3992025000;4069236110
132-IS1;Akdeniz;Isparta;ATABEY;ISPARTA MERKEZ;3795236230;3064587490
655-SA3;Karadeniz;Samsun;ATAKUM;ILKADIM;4129278200;3633128000
734-IS4;Marmara;Istanbul;ATASEHIR;SULTANBEYLI;4098333330;2911666670
518-CA1;Ic Anadolu;Cankırı;ATKARACALAR;CANKIRI MERKEZ;4081666670;3308333330
550-NE1;Ic Anadolu;Nevsehir;AVANOS;NEVSEHIR MERKEZ;3871973000;3485525900
734-IS1;Marmara;Istanbul;AVCILAR;ESENYURT;4101534790;2873146180
657-SI1;Karadeniz;Sinop;AYANCIK;SINOP MERKEZ;4194704100;3459177000
56-AN4;Ic Anadolu;Ankara;AYAS;YENIMAHALLE;4002175100;3234095000
652-OR2;Karadeniz;Ordu;AYBASTI;UNYE;4068215510;3739433320
39-AY2;Ege;Aydın;AYDIN MERKEZ;GERMENCIK;3784440000;2784580000
133-ME2;Akdeniz;Mersin;AYDINCIK/ICEL;SILIFKE;3614169480;3331774790
566-YO2;Ic Anadolu;Yozgat;AYDINCIK/YOZGAT;SORGUN;4012884320;3528618240
456-SI1;Guneydogu Anadolu;Siirt;AYDINLAR;SIIRT MERKEZ;3795032620;4201508890
669-BA1;Karadeniz;Bayburt;AYDINTEPE;BAYBURT MERKEZ;4039083330;4015055560
570-KA1;Ic Anadolu;Karaman;AYRANCI;KARAMAN MERKEZ;3736194440;3368361110
717-CA1;Marmara;Canakkale;AYVACIK/CANAKKALE;AYVACIK/CANAKKALE;3960111110;2640472220
655-SA2;Karadeniz;Samsun;AYVACIK/SAMSUN;CARSAMBA;4098704100;3663142000
310-BA2;Ege;Balıkesir;AYVALIK;EDREMIT/BALIKESIR;3931780030;2669807420
637-KA1;Karadeniz;Kastamonu;AZDAVAY;SEYDILER;4164081260;3329832790
225-ER2;Dogu Anadolu;Erzurum;AZIZIYE;YAKUTIYE;3994583330;4110527780
320-DE3;Ege;Denizli;BABADAG;DENIZLI MERKEZ;3780877990;2885676750
739-KI2;Marmara;Kırklareli;BABAESKI;KIRKLARELI;4143333330;2710000000
655-SA1;Karadeniz;Samsun;BAFRA;BAFRA;4156541800;3589524100
734-IS2;Marmara;Istanbul;BAGCILAR;KAGITHANE;4104555560;2884055560
421-DI2;Guneydogu Anadolu;Diyarbakır;BAGLAR;SUR;3791441000;4023062900
180-OS2;Akdeniz;Osmaniye;BAHCE;OSMANIYE MERKEZ;3720000000;3658333330
734-IS2;Marmara;Istanbul;BAHCELIEVLER;KAGITHANE;4099750000;2885055560
265-VA3;Dogu Anadolu;Van;BAHCESARAY;VAN MERKEZ;3812863630;4280920960
571-KI1;Ic Anadolu;Kırıkkale;BAHSILI;KIRIKKALE MERKEZ;3970074270;3337105710
734-IS1;Marmara;Istanbul;BAKIRKOY;ESENYURT;4096815500;2882280000
320-DE2;Ege;Denizli;BAKLAN;CIVRIL;3797950050;2960644790
56-AN1;Ic Anadolu;Ankara;BALA;CANKAYA;3955388890;3312111110
335-IZ2;Ege;Izmir;BALCOVA;KONAK;3836929400;2709344200
310-BA1;Ege;Balıkesir;BALIKESIR MERKEZ;BALIKESIR MERKEZ;3964836900;2788261000
571-KI1;Ic Anadolu;Kırıkkale;BALISEYH;KIRIKKALE MERKEZ;3991666670;3371666670
310-BA1;Ege;Balıkesir;BALYA;BALIKESIR MERKEZ;3975000000;2758333330
364-US1;Ege;Usak;BANAZ;USAK MERKEZ;3873333330;2975000000
310-BA3;Ege;Balıkesir;BANDIRMA;ERDEK;4035946000;2797922700
674-BA1;Karadeniz;Bartın;BARTIN MERKEZ;BARTIN MERKEZ;4163444440;3233750000
223-EL1;Dogu Anadolu;Elazıg;BASKIL;ELAZIG MERKEZ;3856972220;3882305560
734-IS1;Marmara;Istanbul;BASAKSEHIR;ESENYURT;4107789500;2881255100
660-TO1;Karadeniz;Tokat;BASCIFTLIK;TOKAT MERKEZ;4055000000;3716666700
741-KO2;Marmara;Kocaeli;BASISKELE;IZMIT;4062983680;2995092600
265-VA3;Dogu Anadolu;Van;BASKALE;VAN MERKEZ;3804600000;4401500000
33-AF1;Ege;Afyonkarahisar;BASMAKCI;AFYONKARAHISAR MERKEZ;3789596750;3001162710
570-KA1;Ic Anadolu;Karaman;BASYAYLA;KARAMAN MERKEZ;3675472220;3267888890
472-BA1;Guneydogu Anadolu;Batman;BATMAN MERKEZ;BATMAN MERKEZ;3788116800;4113509000
244-MA2;Dogu Anadolu;Malatya;BATTALGAZI;MALATYA;3842277780;3836555560
33-AF2;Ege;Afyonkarahisar;BAYAT/AFYON;BOLVADIN;3898708000;3091984900
619-CO2;Karadeniz;Corum;BAYAT/CORUM;OSMANCIK;4064600000;3426100000
669-BA1;Karadeniz;Bayburt;BAYBURT MERKEZ;BAYBURT MERKEZ;4025516900;4022488000
335-IZ3;Ege;Izmir;BAYINDIR;ODEMIS;3822856500;2764653300
456-SI1;Guneydogu Anadolu;Siirt;BAYKAN;SIIRT MERKEZ;3816388890;4178472220
335-IZ2;Ege;Izmir;BAYRAKLI;KONAK;3846222220;2716666670
717-CA2;Marmara;Canakkale;BAYRAMIC;LAPSEKI;4070383550;2691017360
518-CA1;Ic Anadolu;Cankırı;BAYRAMOREN;CANKIRI MERKEZ;4094195680;3320413740
734-IS2;Marmara;Istanbul;BAYRAMPASA;KAGITHANE;4104815030;2890045530
320-DE2;Ege;Denizli;BEKILLI;CIVRIL;3823194440;2942166670
131-HA3;Akdeniz;Hatay;BELEN;ISKENDERUN;3649270000;3619330000
335-IZ1;Ege;Izmir;BERGAMA;BERGAMA;3911666670;2718333330
42-AD2;Guneydogu Anadolu;Adıyaman;BESNI;BESNI;3769294330;3785918950
661-TR2;Karadeniz;Trabzon;BESIKDUZU;TRABZON MERKEZ;4104944440;3923527780
734-IS2;Marmara;Istanbul;BESIKTAS;KAGITHANE;4106861600;2902853550
472-BA1;Guneydogu Anadolu;Batman;BESIRI;BATMAN MERKEZ;3792000000;4129000000
320-DE1;Ege;Denizli;BEYAGAC;ACIPAYAM;3722219310;2890919140
335-IZ3;Ege;Izmir;BEYDAG;ODEMIS;3808687390;2820880130
734-IS2;Marmara;Istanbul;BEYKOZ;KAGITHANE;4113271900;2910569000
734-IS1;Marmara;Istanbul;BEYLIKDUZU;ESENYURT;4099103810;2864981440
526-ES1;Ic Anadolu;Eskisehir;BEYLIKOVA;SIVRIHISAR;3968694440;3120555560
734-IS2;Marmara;Istanbul;BEYOGLU;KAGITHANE;4103828640;2897033040
56-AN3;Ic Anadolu;Ankara;BEYPAZARI;POLATLI;4016750000;3192111110
542-KO2;Ic Anadolu;Konya;BEYSEHIR;DOGANHISAR;3767638890;3172611110
473-SI2;Guneydogu Anadolu;Sırnak;BEYTUSSEBAP;SIRNAK MERKEZ;3757094500;4317116660
717-CA2;Marmara;Canakkale;BIGA;LAPSEKI;4023407000;2724572000
310-BA1;Ege;Balıkesir;BIGADIC;BALIKESIR MERKEZ;3939250000;2813111110
711-BI1;Marmara;Bilecik;BILECIK MERKEZ;BILECIK MERKEZ;4015013100;2998306100
212-BI1;Dogu Anadolu;Bingol;BINGOL MERKEZ;BINGOL MERKEZ;3888534900;4049829100
463-SA1;Guneydogu Anadolu;Sanlıurfa;BIRECIK;BIRECIK;3702500000;3797694440
421-DI2;Guneydogu Anadolu;Diyarbakır;BISMIL;SUR;3784520000;4067561000
213-BI1;Dogu Anadolu;Bitlis;BITLIS MERKEZ;BITLIS MERKEZ;3840000000;4211666670
348-MU1;Ege;Mugla;BODRUM;BODRUM;3703533900;2743029000
619-CO1;Karadeniz;Corum;BOGAZKALE;CORUM MERKEZ;4002775820;3461675890
566-YO1;Ic Anadolu;Yozgat;BOGAZLIYAN;BOGAZLIYAN;3919416670;3524722220
614-BO1;Karadeniz;Bolu;BOLU MERKEZ;BOLU MERKEZ;4073947900;3161156100
33-AF2;Ege;Afyonkarahisar;BOLVADIN;BOLVADIN;3871666670;3105000000
551-NI1;Ic Anadolu;Nigde;BOR;NIGDE MERKEZ;3788333330;3455000000
68-AR1;Karadeniz;Artvin;BORCKA;ARTVIN MERKEZ;4136250000;4168000000
335-IZ2;Ege;Izmir;BORNOVA;KONAK;3846265480;2724409570
657-SI1;Karadeniz;Sinop;BOYABAT;SINOP MERKEZ;4146666670;3476666670
717-CA1;Marmara;Canakkale;BOZCAADA;AYVACIK/CANAKKALE;3982306430;2603252260
39-AY3;Ege;Aydın;BOZDOGAN;NAZILLI;3767030000;2830970000
542-KO4;Ic Anadolu;Konya;BOZKIR;MERAM;3718777780;3224805560
320-DE3;Ege;Denizli;BOZKURT/DENIZLI;DENIZLI MERKEZ;3782442230;2960644790
637-KA1;Karadeniz;Kastamonu;BOZKURT/KASTAMONU;SEYDILER;4196099090;3401532410
463-SA2;Guneydogu Anadolu;Sanlıurfa;BOZOVA;SANLIURFA MERKEZ;3736277780;3852555560
540-KI1;Ic Anadolu;Kırsehir;BOZTEPE;KIRSEHIR;3926972220;3426111110
711-BI1;Marmara;Bilecik;BOZUYUK;BILECIK MERKEZ;3990777780;3003666670
133-ME2;Akdeniz;Mersin;BOZYAZI;SILIFKE;3610306320;3297475120
335-IZ2;Ege;Izmir;BUCA;KONAK;3841885000;2712872000
115-BU1;Akdeniz;Burdur;BUCAK;BURDUR MERKEZ;3745684100;3058188100
39-AY3;Ege;Aydın;BUHARKENT;NAZILLI;3797021100;2874721900
628-GI1;Karadeniz;Giresun;BULANCAK;GIRESUN MERKEZ;4093520340;3821259260
249-MU1;Dogu Anadolu;Mus;BULANIK;MUS MERKEZ;3909500000;4226666670
320-DE3;Ege;Denizli;BULDAN;DENIZLI MERKEZ;3805287200;2883149900
115-BU1;Akdeniz;Burdur;BURDUR MERKEZ;BURDUR MERKEZ;3772690900;3028887600
310-BA2;Ege;Balıkesir;BURHANIYE;EDREMIT/BALIKESIR;3950693100;2697781900
538-KA1;Ic Anadolu;Kayseri;BUNYAN;BUNYAN;3884830000;3586000000
734-IS1;Marmara;Istanbul;BUYUKCEKMECE;ESENYURT;4103413300;2859000300
716-BU3;Marmara;Bursa;BUYUKORHAN;OSMANGAZI;3977103970;2888589400
655-SA3;Karadeniz;Samsun;CANIK;ILKADIM;4129278200;3633128000
11-AD1;Akdeniz;Adana;CEYHAN;CEYHAN;3703170000;3582275000
463-SA4;Guneydogu Anadolu;Sanlıurfa;CEYLANPINAR;VIRANSEHIR;3685000000;4005000000
637-KA1;Karadeniz;Kastamonu;CIDE;SEYDILER;4189194100;3300019200
542-KO1;Ic Anadolu;Konya;CIHANBEYLI;CIHANBEYLI;3865805560;3292805560
473-SI1;Guneydogu Anadolu;Sırnak;CIZRE;CIZRE;3732500000;4219583330
681-DU1;Karadeniz;Duzce;CUMAYERI;DUZCE MERKEZ;4087387070;3094905680
146-KA3;Akdeniz;Kahramanmaras;CAGLAYANCERIT;KAHRAMANMARAS MERKEZ;3758333330;3693333330
320-DE2;Ege;Denizli;CAL;CIVRIL;3808443380;2939616470
265-VA2;Dogu Anadolu;Van;CALDIRAN;MURADIYE;3914194440;4391388890
551-NI1;Ic Anadolu;Nigde;CAMARDI;NIGDE MERKEZ;3783202890;3498648610
652-OR1;Karadeniz;Ordu;CAMAS;ORDU MERKEZ;4089899100;3753002900
320-DE1;Ege;Denizli;CAMELI;ACIPAYAM;3707083070;2934536110
56-AN2;Ic Anadolu;Ankara;CAMLIDERE;CUBUK;4048735000;3247269010
653-RI1;Karadeniz;Rize;CAMLIHEMSIN;RIZE MERKEZ;4104648450;4100486630
133-ME1;Akdeniz;Mersin;CAMLIYAYLA;GULNAR;3717013900;3460825000
628-GI1;Karadeniz;Giresun;CAMOLUK;GIRESUN MERKEZ;4013333300;3875000000
717-CA2;Marmara;Canakkale;CAN;LAPSEKI;4002750000;2704750000
628-GI2;Karadeniz;Giresun;CANAKCI;TIREBOLU;4091301840;3900433450
717-CA2;Marmara;Canakkale;CANAKKALE MERKEZ;LAPSEKI;4015531200;2641416000
566-YO1;Ic Anadolu;Yozgat;CANDIR;BOGAZLIYAN;3924472220;3551388890
56-AN1;Ic Anadolu;Ankara;CANKAYA;CANKAYA;3984518420;3292122650
518-CA1;Ic Anadolu;Cankırı;CANKIRI MERKEZ;CANKIRI MERKEZ;4060000000;3361666670
320-DE3;Ege;Denizli;CARDAK;DENIZLI MERKEZ;3782465530;2967599080
655-SA2;Karadeniz;Samsun;CARSAMBA;CARSAMBA;4119895900;3672689100
661-TR2;Karadeniz;Trabzon;CARSIBASI;TRABZON MERKEZ;4108333300;3938333300
225-ER2;Dogu Anadolu;Erzurum;CAT;YAKUTIYE;3961111110;4097888890
265-VA3;Dogu Anadolu;Van;CATAK;VAN MERKEZ;3800658180;4305855050
734-IS3;Marmara;Istanbul;CATALCA;SILIVRI;4114823900;2846773000
652-OR2;Karadeniz;Ordu;CATALPINAR;UNYE;4110604960;3725166610
637-KA1;Karadeniz;Kastamonu;CATALZEYTIN;SEYDILER;4195452100;3421503100
343-KU1;Ege;Kutahya;CAVDARHISAR;HISARCIK;3919777780;2961583330
115-BU1;Akdeniz;Burdur;CAVDIR;BURDUR MERKEZ;3715500000;2969388890
33-AF2;Ege;Afyonkarahisar;CAY;BOLVADIN;3859319330;3102490930
652-OR2;Karadeniz;Ordu;CAYBASI;UNYE;4101857140;3709759240
667-ZO2;Karadeniz;Zonguldak;CAYCUMA;ZONGULDAK MERKEZ;4143333330;3208333330
653-RI1;Karadeniz;Rize;CAYELI;RIZE MERKEZ;4108945100;4073648800
566-YO1;Ic Anadolu;Yozgat;CAYIRALAN;BOGAZLIYAN;3930277780;3564388890
224-ER1;Dogu Anadolu;Erzincan;CAYIRLI;ERZINCAN MERKEZ;3980500000;4004111110
741-KO1;Marmara;Kocaeli;CAYIROVA;GEBZE;4083614210;2938310260
661-TR1;Karadeniz;Trabzon;CAYKARA;SURMENE;4075207520;4024492130
566-YO2;Ic Anadolu;Yozgat;CEKEREK;SORGUN;4007305560;3549472220
734-IS4;Marmara;Istanbul;CEKMEKOY;SULTANBEYLI;4110423500;2931772720
571-KI1;Ic Anadolu;Kırıkkale;CELEBI;KIRIKKALE MERKEZ;3946419360;3352520680
42-AD1;Guneydogu Anadolu;Adıyaman;CELIKHAN;ADIYAMAN MERKEZ;3803333330;3825000000
542-KO2;Ic Anadolu;Konya;CELTIK;DOGANHISAR;3902444440;3179055560
115-BU1;Akdeniz;Burdur;CELTIKCI;BURDUR MERKEZ;3753444440;3048444440
262-TU1;Dogu Anadolu;Tunceli;CEMISGEZEK;TUNCELI MERKEZ;3906361110;3891333330
518-CA1;Ic Anadolu;Cankırı;CERKES;CANKIRI MERKEZ;4081666670;3290000000
759-TE1;Marmara;Tekirdag;CERKEZKOY;CERKEZKOY;4128333330;2800000000
421-DI1;Guneydogu Anadolu;Diyarbakır;CERMIK;ERGANI;3813722220;3945111110
335-IZ4;Ege;Izmir;CESME;URLA;3832981000;2631492100
275-AR1;Dogu Anadolu;Ardahan;CILDIR;ARDAHAN MERKEZ;4113333300;4313333300
421-DI2;Guneydogu Anadolu;Diyarbakır;CINAR;SUR;3772416670;4041500000
777-YA1;Marmara;Yalova;CINARCIK;YALOVA MERKEZ;4064061110;2910707730
540-KI1;Ic Anadolu;Kırsehir;CICEKDAGI;KIRSEHIR;3960694440;3440861110
526-ES1;Ic Anadolu;Eskisehir;CIFTELER;SIVRIHISAR;3938305560;3103916670
551-NI1;Ic Anadolu;Nigde;CIFTLIK;NIGDE MERKEZ;3796064540;3485827780
777-YA1;Marmara;Yalova;CIFTLIKKOY;YALOVA MERKEZ;4066027780;2932361110
335-IZ2;Ege;Izmir;CIGLI;KONAK;3849943220;2703821580
681-DU1;Karadeniz;Duzce;CILIMLI;DUZCE MERKEZ;4089689700;3104701400
39-AY3;Ege;Aydın;CINE;NAZILLI;3761170000;2806140000
320-DE2;Ege;Denizli;CIVRIL;CIVRIL;3829988070;2973970840
33-AF1;Ege;Afyonkarahisar;COBANLAR;AFYONKARAHISAR MERKEZ;3870000000;3078333300
759-TE2;Marmara;Tekirdag;CORLU;CORLU;4116746100;2780559900
619-CO1;Karadeniz;Corum;CORUM MERKEZ;CORUM MERKEZ;4055055560;3495555560
56-AN2;Ic Anadolu;Ankara;CUBUK;CUBUK;4023861110;3303305560
230-HA1;Dogu Anadolu;Hakkari;CUKURCA;HAKKARI MERKEZ;3725055560;4361666670
11-AD3;Akdeniz;Adana;CUKUROVA;SEYHAN;3700000000;3532133330
542-KO4;Ic Anadolu;Konya;CUMRA;MERAM;3757125100;3278443900
421-DI1;Guneydogu Anadolu;Diyarbakır;CUNGUS;ERGANI;3821666670;3928333330
637-KA1;Karadeniz;Kastamonu;DADAY;SEYDILER;4147921280;3346907000
348-MU2;Ege;Mugla;DALAMAN;FETHIYE;3677187000;2879770100
275-AR1;Dogu Anadolu;Ardahan;DAMAL;ARDAHAN MERKEZ;4134072320;4284118940
244-MA1;Dogu Anadolu;Malatya;DARENDE;HEKIMHAN;3854720000;3751110000
447-MA2;Guneydogu Anadolu;Mardin;DARGECIT;NUSAYBIN;3754710400;4171838230
741-KO1;Marmara;Kocaeli;DARICA;GEBZE;4076958700;2937003100
348-MU1;Ege;Mugla;DATCA;BODRUM;3672830000;2768690000
33-AF1;Ege;Afyonkarahisar;DAZKIRI;AFYONKARAHISAR MERKEZ;3791666670;2986666670
571-KI1;Ic Anadolu;Kırıkkale;DELICE;KIRIKKALE MERKEZ;3994367120;3403952170
345-MA3;Ege;Manisa;DEMIRCI;SALIHLI;3904500000;2865805560
739-KI2;Marmara;Kırklareli;DEMIRKOY;KIRKLARELI;4182300000;2776230000
669-BA1;Karadeniz;Bayburt;DEMIROZU;BAYBURT MERKEZ;4016388890;3989250000
17-AN2;Akdeniz;Antalya;DEMRE;DEMRE;3624944100;2995007900
320-DE3;Ege;Denizli;DENIZLI MERKEZ;DENIZLI MERKEZ;3777652000;2908639000
542-KO2;Ic Anadolu;Konya;DERBENT;DOGANHISAR;3801361110;3201638890
542-KO2;Ic Anadolu;Konya;DEREBUCAK;DOGANHISAR;3739361110;3150750000
628-GI1;Karadeniz;Giresun;DERELI;GIRESUN MERKEZ;4074009460;3844811740
653-RI1;Karadeniz;Rize;DEREPAZARI;RIZE MERKEZ;4102258490;4042535550
447-MA1;Guneydogu Anadolu;Mardin;DERIK;MARDIN;3736583330;4026972220
741-KO2;Marmara;Kocaeli;DERINCE;IZMIT;4090211930;2990465940
550-NE1;Ic Anadolu;Nevsehir;DERINKUYU;NEVSEHIR MERKEZ;3837345100;3473947900
661-TR1;Karadeniz;Trabzon;DERNEKPAZARI;SURMENE;4080193870;4024480970
538-KA2;Ic Anadolu;Kayseri;DEVELI;DEVELI;3838542900;3549951900
667-ZO2;Karadeniz;Zonguldak;DEVREK;ZONGULDAK MERKEZ;4122520100;3195970900
637-KA1;Karadeniz;Kastamonu;DEVREKANI;SEYDILER;4160027780;3383333330
421-DI1;Guneydogu Anadolu;Diyarbakır;DICLE;ERGANI;3837500000;4007333330
39-AY1;Ege;Aydın;DIDIM;DIDIM;3737560000;2726780000
236-KA1;Dogu Anadolu;Kars;DIGOR;KARS MERKEZ;4037555560;4341250000
335-IZ1;Ege;Izmir;DIKILI;BERGAMA;3907209700;2688820300
657-SI1;Karadeniz;Sinop;DIKMEN;SINOP MERKEZ;4165404910;3526499160
741-KO1;Marmara;Kocaeli;DILOVASI;GEBZE;4077972220;2953500000
33-AF1;Ege;Afyonkarahisar;DINAR;AFYONKARAHISAR MERKEZ;3806666670;3016666670
558-SI1;Ic Anadolu;Sivas;DIVRIGI;IMRANLI;3936586000;3812725100
24-AG1;Dogu Anadolu;Agrı;DIYADIN;DOGUBAYAZIT;3954000000;4367722220
619-CO2;Karadeniz;Corum;DODURGA;OSMANCIK;4085700160;3480835200
542-KO2;Ic Anadolu;Konya;DOGANHISAR;DOGANHISAR;3814472220;3167805560
628-GI2;Karadeniz;Giresun;DOGANKENT;TIREBOLU;4080000000;3891666670
558-SI1;Ic Anadolu;Sivas;DOGANSAR;IMRANLI;4021666670;3753333330
244-MA2;Dogu Anadolu;Malatya;DOGANSEHIR;MALATYA;3809583330;3787916670
244-MA2;Dogu Anadolu;Malatya;DOGANYOL;MALATYA;3831055560;3903944440
637-KA1;Karadeniz;Kastamonu;DOGANYURT;SEYDILER;4200414890;3345984100
24-AG1;Dogu Anadolu;Agrı;DOGUBAYAZIT;DOGUBAYAZIT;3954800000;4408333300
343-KU2;Ege;Kutahya;DOMANIC;KUTAHYA;3980347100;2961153000
614-BO1;Karadeniz;Bolu;DORTDIVAN;BOLU MERKEZ;4071666670;3206666670
131-HA1;Akdeniz;Hatay;DORTYOL;DORTYOL;3685603000;3622232800
17-AN3;Akdeniz;Antalya;DOSEMEALTI;KEPEZ;3702292920;3059841430
343-KU2;Ege;Kutahya;DUMLUPINAR;KUTAHYA;3885639730;2997694410
657-SI1;Karadeniz;Sinop;DURAGAN;SINOP MERKEZ;4142197640;3505498290
310-BA1;Ege;Balıkesir;DURSUNBEY;BALIKESIR MERKEZ;3958777780;2862750000
681-DU1;Karadeniz;Duzce;DUZCE MERKEZ;DUZCE MERKEZ;4084384900;3115654000
180-OS2;Akdeniz;Osmaniye;DUZICI;OSMANIYE MERKEZ;3725714370;3646619140
661-TR2;Karadeniz;Trabzon;DUZKOY;TRABZON MERKEZ;4087590720;3942722060
717-CA2;Marmara;Canakkale;ECEABAT;LAPSEKI;4018388890;2635638890
722-ED1;Marmara;Edirne;EDIRNE MERKEZ;EDIRNE MERKEZ;4166666670;2656666670
310-BA2;Ege;Balıkesir;EDREMIT/BALIKESIR;EDREMIT/BALIKESIR;3959901000;2702207900
265-VA3;Dogu Anadolu;Van;EDREMIT/VAN;VAN MERKEZ;3849416670;4338000000
678-KA1;Karadeniz;Karabuk;EFLANI;KARABUK MERKEZ;4142305560;3295611110
421-DI1;Guneydogu Anadolu;Diyarbakır;EGIL;ERGANI;3825661230;4008366620
132-IS1;Akdeniz;Isparta;EGIRDIR;ISPARTA MERKEZ;3802375670;3087286150
146-KA1;Akdeniz;Kahramanmaras;EKINOZU;ELBISTAN;3806170000;3719280000
223-EL1;Dogu Anadolu;Elazıg;ELAZIG MERKEZ;ELAZIG MERKEZ;3868096900;3922639800
479-KI1;Guneydogu Anadolu;Kilis;ELBEYLI;KILIS MERKEZ;3667420000;3746580000
146-KA1;Akdeniz;Kahramanmaras;ELBISTAN;ELBISTAN;3820266000;3720616900
518-CA1;Ic Anadolu;Cankırı;ELDIVAN;CANKIRI MERKEZ;4053333330;3350000000
24-AG2;Dogu Anadolu;Agrı;ELESKIRT;HAMUR;3979716100;4268711100
56-AN1;Ic Anadolu;Ankara;ELMADAG;CANKAYA;3992083330;3323083330
17-AN2;Akdeniz;Antalya;ELMALI;DEMRE;3673730790;2991911940
343-KU1;Ege;Kutahya;EMET;HISARCIK;3934206240;2925822820
33-AF2;Ege;Afyonkarahisar;EMIRDAG;BOLVADIN;3902603900;3115345000
542-KO3;Ic Anadolu;Konya;EMIRGAZI;KARAPINAR;3790222220;3383722220
722-ED1;Marmara;Edirne;ENEZ;EDIRNE MERKEZ;4072932800;2608890000
660-TO1;Karadeniz;Tokat;ERBAA;TOKAT MERKEZ;4066666670;3656666670
265-VA1;Dogu Anadolu;Van;ERCIS;ERCIS;3902653540;4335333400
310-BA3;Ege;Balıkesir;ERDEK;ERDEK;4040305200;2779609800
133-ME1;Akdeniz;Mersin;ERDEMLI;GULNAR;3660776900;3431613900
542-KO3;Ic Anadolu;Konya;EREGLI/KONYA;KARAPINAR;3750583330;3405166670
667-ZO1;Karadeniz;Zonguldak;EREGLI/ZONGULDAK;EREGLI/ZONGULDAK;4128944440;3141805560
754-SA2;Marmara;Sakarya;ERENLER;ERENLER;4075687930;3037813800
657-SI1;Karadeniz;Sinop;ERFELEK;SINOP MERKEZ;4187635690;3490851520
421-DI1;Guneydogu Anadolu;Diyarbakır;ERGANI;ERGANI;3826666670;3976666670
570-KA1;Ic Anadolu;Karaman;ERMENEK;KARAMAN MERKEZ;3663888890;3289250000
456-SI1;Guneydogu Anadolu;Siirt;ERUH;SIIRT MERKEZ;3775000000;4218333330
131-HA1;Akdeniz;Hatay;ERZIN;DORTYOL;3695390000;3620220000
224-ER1;Dogu Anadolu;Erzincan;ERZINCAN MERKEZ;ERZINCAN MERKEZ;3975000000;3950000000
734-IS2;Marmara;Istanbul;ESENLER;KAGITHANE;4107941330;2885385450
734-IS1;Marmara;Istanbul;ESENYURT;ESENYURT;4103428060;2868011940
568-AK2;Ic Anadolu;Aksaray;ESKIL;AKSARAY MERKEZ;3840166670;3341305560
678-KA1;Karadeniz;Karabuk;ESKIPAZAR;KARABUK MERKEZ;4094305560;3253055560
628-GI2;Karadeniz;Giresun;ESPIYE;TIREBOLU;4094835870;3870822590
364-US1;Ege;Usak;ESME;USAK MERKEZ;3840187100;2896896000
56-AN4;Ic Anadolu;Ankara;ETIMESGUT;YENIMAHALLE;3994583330;3266944440
33-AF1;Ege;Afyonkarahisar;EVCILER;AFYONKARAHISAR MERKEZ;3804308300;2988309400
56-AN1;Ic Anadolu;Ankara;EVREN;CANKAYA;3902905060;3381042220
628-GI2;Karadeniz;Giresun;EYNESIL;TIREBOLU;4106028830;3914353650
734-IS2;Marmara;Istanbul;EYUP;KAGITHANE;4118715980;2888298160
717-CA1;Marmara;Canakkale;EZINE;AYVACIK/CANAKKALE;3978324990;2634117930
734-IS2;Marmara;Istanbul;FATIH;KAGITHANE;4101666670;2893333330
652-OR2;Karadeniz;Ordu;FATSA;UNYE;4103333330;3750000000
11-AD2;Akdeniz;Adana;FEKE;KOZAN;3781991810;3591248350
538-KA1;Ic Anadolu;Kayseri;FELAHIYE;BUNYAN;3909136480;3556852190
754-SA2;Marmara;Sakarya;FERIZLI;ERENLER;4093971900;3048857350
348-MU2;Ege;Mugla;FETHIYE;FETHIYE;3665138890;2912305560
653-RI1;Karadeniz;Rize;FINDIKLI;RIZE MERKEZ;4090740570;4046646020
17-AN2;Akdeniz;Antalya;FINIKE;DEMRE;3630082670;3014449600
335-IZ4;Ege;Izmir;FOCA;URLA;3866750000;2675805560
335-IZ2;Ege;Izmir;GAZIEMIR;KONAK;3832515000;2712252000
734-IS2;Marmara;Istanbul;GAZIOSMANPASA;KAGITHANE;4107594770;2890045530
17-AN1;Akdeniz;Antalya;GAZIPASA;ALANYA;3627090200;3231358620
741-KO1;Marmara;Kocaeli;GEBZE;GEBZE;4080000000;2943333330
343-KU1;Ege;Kutahya;GEDIZ;HISARCIK;3898762170;2938600540
132-IS2;Akdeniz;Isparta;GELENDOST;YALVAC;3812398900;3101135100
717-CA2;Marmara;Canakkale;GELIBOLU;LAPSEKI;4041744700;2667743500
558-SI2;Ic Anadolu;Sivas;GEMEREK;SIVAS MERKEZ;3918520000;3607503100
716-BU3;Marmara;Bursa;GEMLIK;OSMANGAZI;4043305560;2915666670
212-BI1;Dogu Anadolu;Bingol;GENC;BINGOL MERKEZ;3875305560;4056666670
472-BA1;Guneydogu Anadolu;Batman;GERCUS;BATMAN MERKEZ;3756487010;4138798220
614-BO1;Karadeniz;Bolu;GEREDE;BOLU MERKEZ;4080055560;3219861110
42-AD1;Guneydogu Anadolu;Adıyaman;GERGER;ADIYAMAN MERKEZ;3802888890;3903222220
39-AY2;Ege;Aydın;GERMENCIK;GERMENCIK;3787207000;2760181000
657-SI1;Karadeniz;Sinop;GERZE;SINOP MERKEZ;4180041100;3518718000
265-VA3;Dogu Anadolu;Van;GEVAS;VAN MERKEZ;3829584830;4310816000
754-SA2;Marmara;Sakarya;GEYVE;ERENLER;4051929900;3030188000
628-GI1;Karadeniz;Giresun;GIRESUN MERKEZ;GIRESUN MERKEZ;4091281100;3838953000
717-CA2;Marmara;Canakkale;GOKCEADA;LAPSEKI;4019702900;2591795900
667-ZO2;Karadeniz;Zonguldak;GOKCEBEY;ZONGULDAK MERKEZ;4130793840;3214158470
146-KA2;Akdeniz;Kahramanmaras;GOKSUN;GOKSUN;3801666670;3650000000
42-AD2;Guneydogu Anadolu;Adıyaman;GOLBASI/ADIYAMAN;BESNI;3778388890;3764444440
56-AN1;Ic Anadolu;Ankara;GOLBASI/ANKARA;CANKAYA;3992077000;3285411000
741-KO2;Marmara;Kocaeli;GOLCUK;IZMIT;4071206030;2984101740
275-AR1;Dogu Anadolu;Ardahan;GOLE;ARDAHAN MERKEZ;4079352790;4260872120
115-BU1;Akdeniz;Burdur;GOLHISAR;BURDUR MERKEZ;3714443700;2950787050
652-OR1;Karadeniz;Ordu;GOLKOY;ORDU MERKEZ;4068750000;3761777780
345-MA3;Ege;Manisa;GOLMARMARA;SALIHLI;3871666670;2791666670
558-SI1;Ic Anadolu;Sivas;GOLOVA;IMRANLI;4006220000;3860940000
711-BI1;Marmara;Bilecik;GOLPAZARI;BILECIK MERKEZ;4028472220;3031722220
681-DU1;Karadeniz;Duzce;GOLYAKA;DUZCE MERKEZ;4077657860;3099572700
310-BA2;Ege;Balıkesir;GOMEC;EDREMIT/BALIKESIR;3939111110;2684000000
310-BA3;Ege;Balıkesir;GONEN/BALIKESIR;ERDEK;4010332900;2765575000
132-IS1;Akdeniz;Isparta;GONEN/ISPARTA;ISPARTA MERKEZ;3795861100;3051439100
345-MA3;Ege;Manisa;GORDES;SALIHLI;3893277780;2829027780
628-GI2;Karadeniz;Giresun;GORELE;TIREBOLU;4103180440;3900138110
65-AM1;Karadeniz;Amasya;GOYNUCEK;AMASYA MERKEZ;4039786900;3552615000
614-BO1;Karadeniz;Bolu;GOYNUK;BOLU MERKEZ;4040038410;3078384030
628-GI2;Karadeniz;Giresun;GUCE;TIREBOLU;4089347960;3880598830
473-SI1;Guneydogu Anadolu;Sırnak;GUCLUKONAK;CIZRE;3747121870;4191523390
56-AN4;Ic Anadolu;Ankara;GUDUL;YENIMAHALLE;4021111110;3224277780
568-AK2;Ic Anadolu;Aksaray;GULAGAC;AKSARAY MERKEZ;3840000000;3435000000
133-ME1;Akdeniz;Mersin;GULNAR;GULNAR;3680000000;3463333330
550-NE1;Ic Anadolu;Nevsehir;GULSEHIR;NEVSEHIR MERKEZ;3874303100;3462608000
652-OR1;Karadeniz;Ordu;GULYALI;ORDU MERKEZ;4096210930;3805490150
65-AM1;Karadeniz;Amasya;GUMUSHACIKOY;AMASYA MERKEZ;4087064000;3521757900
629-GU1;Karadeniz;Gumushane;GUMUSHANE MERKEZ;GUMUSHANE MERKEZ;4046027780;3948138890
681-DU1;Karadeniz;Duzce;GUMUSOVA;DUZCE MERKEZ;4085000000;3093333330
17-AN1;Akdeniz;Antalya;GUNDOGMUS;ALANYA;3681119400;3200133630
320-DE3;Ege;Denizli;GUNEY;DENIZLI MERKEZ;3815956900;2906777000
542-KO4;Ic Anadolu;Konya;GUNEYSINIR;MERAM;3726861110;3273305560
653-RI1;Karadeniz;Rize;GUNEYSU;RIZE MERKEZ;4097178750;4061367490
734-IS2;Marmara;Istanbul;GUNGOREN;KAGITHANE;4101666670;2888333330
526-ES1;Ic Anadolu;Eskisehir;GUNYUZU;SIVRIHISAR;3938388890;3181000000
652-OR1;Karadeniz;Ordu;GURGENTEPE;ORDU MERKEZ;4078833330;3760166670
213-BI1;Dogu Anadolu;Bitlis;GUROYMAK;BITLIS MERKEZ;3857538710;4201747170
265-VA3;Dogu Anadolu;Van;GURPINAR;VAN MERKEZ;3832878750;4341431970
716-BU3;Marmara;Bursa;GURSU;OSMANGAZI;4024096780;2920883030
558-SI2;Ic Anadolu;Sivas;GURUN;SIVAS MERKEZ;3872250000;3727750000
335-IZ4;Ege;Izmir;GUZELBAHCE;URLA;3836197610;2690281250
568-AK2;Ic Anadolu;Aksaray;GUZELYURT;AKSARAY MERKEZ;3828113860;3430882550
550-NE1;Ic Anadolu;Nevsehir;HACIBEKTAS;NEVSEHIR MERKEZ;3896744470;3464140280
538-KA3;Ic Anadolu;Kayseri;HACILAR;MELIKGAZI;3864972220;3545027780
542-KO4;Ic Anadolu;Konya;HADIM;MERAM;3699066900;3246207000
558-SI2;Ic Anadolu;Sivas;HAFIK;SIVAS MERKEZ;3985000000;3738333330
230-HA1;Dogu Anadolu;Hakkari;HAKKARI MERKEZ;HAKKARI MERKEZ;3758333330;4373333330
463-SA1;Guneydogu Anadolu;Sanlıurfa;HALFETI;BIRECIK;3725000000;3786666670
542-KO3;Ic Anadolu;Konya;HALKAPINAR;KARAPINAR;3743530350;3418934730
65-AM1;Karadeniz;Amasya;HAMAMOZU;AMASYA MERKEZ;4078347000;3502228900
24-AG2;Dogu Anadolu;Agrı;HAMUR;HAMUR;3961027780;4299250000
526-ES1;Ic Anadolu;Eskisehir;HAN;SIVRIHISAR;3915916670;3086138890
275-AR1;Dogu Anadolu;Ardahan;HANAK;ARDAHAN MERKEZ;4123333330;4285000000
421-DI2;Guneydogu Anadolu;Diyarbakır;HANI;SUR;3841361110;4039250000
637-KA1;Karadeniz;Kastamonu;HANONU;SEYDILER;4163853220;3449706750
716-BU1;Marmara;Bursa;HARMANCIK;INEGOL;3967611110;2915527780
463-SA2;Guneydogu Anadolu;Sanlıurfa;HARRAN;SANLIURFA MERKEZ;3686523940;3902417560
180-OS2;Akdeniz;Osmaniye;HASANBEYLI;OSMANIYE MERKEZ;3713320090;3655268510
472-BA1;Guneydogu Anadolu;Batman;HASANKEYF;BATMAN MERKEZ;3771416670;4141305560
249-MU1;Dogu Anadolu;Mus;HASKOY;MUS MERKEZ;3868638890;4169361110
131-HA1;Akdeniz;Hatay;HASSA;DORTYOL;3679940000;3651780000
131-HA2;Akdeniz;Hatay;HATAY MERKEZ;HATAY MERKEZ;3620015000;3617618900
310-BA2;Ege;Balıkesir;HAVRAN;EDREMIT/BALIKESIR;3955833330;2709833330
722-ED1;Marmara;Edirne;HAVSA;EDIRNE MERKEZ;4155000000;2681666670
655-SA3;Karadeniz;Samsun;HAVZA;ILKADIM;4097044000;3566260100
56-AN3;Ic Anadolu;Ankara;HAYMANA;POLATLI;3943606900;3249663900
759-TE3;Marmara;Tekirdag;HAYRABOLU;TEKIRDAG MERKEZ;4121316840;2710000140
661-TR1;Karadeniz;Trabzon;HAYRAT;SURMENE;4089023220;4036762170
421-DI2;Guneydogu Anadolu;Diyarbakır;HAZRO;SUR;3825000000;4078333330
244-MA1;Dogu Anadolu;Malatya;HEKIMHAN;HEKIMHAN;3881666670;3793333330
653-RI1;Karadeniz;Rize;HEMSIN;RIZE MERKEZ;4105000000;4090000000
754-SA1;Marmara;Sakarya;HENDEK;AKYAZI;4080509900;3074930000
225-ER2;Dogu Anadolu;Erzurum;HINIS;YAKUTIYE;3935667060;4170294900
463-SA3;Guneydogu Anadolu;Sanlıurfa;HILVAN;SIVEREK;3758861110;3895555560
343-KU1;Ege;Kutahya;HISARCIK;HISARCIK;3924692250;2924079550
213-BI1;Dogu Anadolu;Bitlis;HIZAN;BITLIS MERKEZ;3822470190;4242527970
33-AF1;Ege;Afyonkarahisar;HOCALAR;AFYONKARAHISAR MERKEZ;3858337000;2997207100
320-DE3;Ege;Denizli;HONAZ;DENIZLI MERKEZ;3775764270;2926403870
68-AR1;Karadeniz;Artvin;HOPA;ARTVIN MERKEZ;4138671900;4143701800
225-ER1;Dogu Anadolu;Erzurum;HORASAN;NARMAN;4003852100;4216235000
262-TU1;Dogu Anadolu;Tunceli;HOZAT;TUNCELI MERKEZ;3910888890;3921916670
542-KO2;Ic Anadolu;Konya;HUYUK;DOGANHISAR;3795194440;3159583330
276-IG1;Dogu Anadolu;Igdır;IGDIR MERKEZ;IGDIR MERKEZ;3991666670;4403333330
518-CA1;Ic Anadolu;Cankırı;ILGAZ;CANKIRI MERKEZ;4092614520;3362896150
542-KO2;Ic Anadolu;Konya;ILGIN;DOGANHISAR;3827916670;3191388890
132-IS1;Akdeniz;Isparta;ISPARTA MERKEZ;ISPARTA MERKEZ;3776666670;3055000000
17-AN4;Akdeniz;Antalya;IBRADI;MANAVGAT;3709265100;3158786000
473-SI1;Guneydogu Anadolu;Sırnak;IDIL;CIZRE;3734166670;4189027780
637-KA2;Karadeniz;Kastamonu;IHSANGAZI;TOSYA;4120332030;3355178340
33-AF1;Ege;Afyonkarahisar;IHSANIYE;AFYONKARAHISAR MERKEZ;3903333330;3041666670
652-OR2;Karadeniz;Ordu;IKIZCE;UNYE;4105833330;3708027780
653-RI1;Karadeniz;Rize;IKIZDERE;RIZE MERKEZ;4078186860;4055334050
224-ER1;Dogu Anadolu;Erzincan;ILIC;ERZINCAN MERKEZ;3945805630;3856473620
655-SA3;Karadeniz;Samsun;ILKADIM;ILKADIM;4129278200;3633128000
11-AD2;Akdeniz;Adana;IMAMOGLU;KOZAN;3725875100;3567284000
558-SI1;Ic Anadolu;Sivas;IMRANLI;IMRANLI;3987651050;3811062530
538-KA3;Ic Anadolu;Kayseri;INCESU;MELIKGAZI;3862043000;3518827800
39-AY2;Ege;Aydın;INCIRLIOVA;GERMENCIK;3785220000;2772360000
637-KA1;Karadeniz;Kastamonu;INEBOLU;SEYDILER;4197472220;3376083330
716-BU1;Marmara;Bursa;INEGOL;INEGOL;4008333330;2951666670
711-BI1;Marmara;Bilecik;INHISAR;BILECIK MERKEZ;4005349000;3039068000
526-ES2;Ic Anadolu;Eskisehir;INONU;TEPEBASI;3982122990;3014449600
722-ED1;Marmara;Edirne;IPSALA;EDIRNE MERKEZ;4092273530;2637954950
33-AF1;Ege;Afyonkarahisar;ISCEHISAR;AFYONKARAHISAR MERKEZ;3886666670;3075000000
131-HA3;Akdeniz;Hatay;ISKENDERUN;ISKENDERUN;3658686300;3617257100
619-CO2;Karadeniz;Corum;ISKILIP;OSMANCIK;4074123000;3447082900
427-GA1;Guneydogu Anadolu;Gaziantep;ISLAHIYE;ISLAHIYE;3702500000;3663450000
225-ER2;Dogu Anadolu;Erzurum;ISPIR;YAKUTIYE;4048361110;4099527780
310-BA1;Ege;Balıkesir;IVRINDI;BALIKESIR MERKEZ;3958333330;2748333330
653-RI1;Karadeniz;Rize;IYIDERE;RIZE MERKEZ;4101194440;4036194440
741-KO2;Marmara;Kocaeli;IZMIT;IZMIT;4077598600;2994835700
716-BU4;Marmara;Bursa;IZNIK;YILDIRIM;4042896280;2971654170
652-OR1;Karadeniz;Ordu;KABADUZ;ORDU MERKEZ;4098333330;3788333330
652-OR2;Karadeniz;Ordu;KABATAS;UNYE;4075000000;3745000000
734-IS2;Marmara;Istanbul;KADIKOY;KAGITHANE;4098014100;2908227000
542-KO2;Ic Anadolu;Konya;KADINHANI;DOGANHISAR;3823972220;3221138890
566-YO2;Ic Anadolu;Yozgat;KADISEHRI;SORGUN;3999849280;3578992020
180-OS1;Akdeniz;Osmaniye;KADIRLI;KADIRLI;3736983330;3610000000
734-IS2;Marmara;Istanbul;KAGITHANE;KAGITHANE;4107100000;2897000000
236-KA1;Dogu Anadolu;Kars;KAGIZMAN;KARS MERKEZ;4015771810;4313312310
146-KA3;Akdeniz;Kahramanmaras;KAHRAMANMARAS MERKEZ;KAHRAMANMARAS MERKEZ;3758333330;3693333330
42-AD1;Guneydogu Anadolu;Adıyaman;KAHTA;ADIYAMAN MERKEZ;3778333330;3861666670
320-DE3;Ege;Denizli;KALE/DENIZLI;DENIZLI MERKEZ;3743916670;2884527780
244-MA2;Dogu Anadolu;Malatya;KALE/MALATYA;MALATYA;3841611110;3876666670
56-AN2;Ic Anadolu;Ankara;KALECIK;CUBUK;4009722220;3340833330
653-RI1;Karadeniz;Rize;KALKANDERE;RIZE MERKEZ;4092854790;4044307980
540-KI1;Ic Anadolu;Kırsehir;KAMAN;KIRSEHIR;3936711900;3372934000
741-KO3;Marmara;Kocaeli;KANDIRA;KANDIRA;4107000000;3015000000
558-SI2;Ic Anadolu;Sivas;KANGAL;SIVAS MERKEZ;3923333330;3738333330
335-IZ2;Ege;Izmir;KARABAGLAR;KONAK;3832698820;2704410090
335-IZ4;Ege;Izmir;KARABURUN;URLA;3863333330;2651666670
678-KA1;Karadeniz;Karabuk;KARABUK MERKEZ;KARABUK MERKEZ;4120000000;3263333330
716-BU2;Marmara;Bursa;KARACABEY;MUSTAFAKEMALPASA;4022549800;2837273000
39-AY3;Ege;Aydın;KARACASU;NAZILLI;3772964100;2860634000
225-ER2;Dogu Anadolu;Erzurum;KARACOBAN;YAKUTIYE;3935083330;4211194440
364-US1;Ege;Usak;KARAHALLI;USAK MERKEZ;3832582100;2953051000
11-AD3;Akdeniz;Adana;KARAISALI;SEYHAN;3725201000;3506329000
571-KI1;Ic Anadolu;Kırıkkale;KARAKECILI;KIRIKKALE MERKEZ;3959443520;3337947170
223-EL2;Dogu Anadolu;Elazıg;KARAKOCAN;KOVANCILAR;3895836650;4003481000
276-IG1;Dogu Anadolu;Igdır;KARAKOYUNLU;IGDIR MERKEZ;3997150940;4417430700
570-KA1;Ic Anadolu;Karaman;KARAMAN MERKEZ;KARAMAN MERKEZ;3717593000;3322874800
115-BU1;Akdeniz;Burdur;KARAMANLI;BURDUR MERKEZ;3737000000;2982100000
741-KO1;Marmara;Kocaeli;KARAMURSEL;GEBZE;4068916670;2961500000
542-KO3;Ic Anadolu;Konya;KARAPINAR;KARAPINAR;3771482100;3355223800
754-SA1;Marmara;Sakarya;KARAPURCEK;AKYAZI;4064250000;3053860000
754-SA3;Marmara;Sakarya;KARASU;KARASU;4110361110;3069361110
11-AD3;Akdeniz;Adana;KARATAS;SEYHAN;3656337600;3538438800
542-KO4;Ic Anadolu;Konya;KARATAY;MERAM;3786666670;3248333330
225-ER1;Dogu Anadolu;Erzurum;KARAYAZI;NARMAN;3970106060;4214378900
619-CO2;Karadeniz;Corum;KARGI;OSMANCIK;4113440000;3448720000
427-GA2;Guneydogu Anadolu;Gaziantep;KARKAMIS;NIZIP;3683400000;3800100000
212-BI1;Dogu Anadolu;Bingol;KARLIOVA;BINGOL MERKEZ;3929777380;4101251340
39-AY2;Ege;Aydın;KARPUZLU;GERMENCIK;3755860000;2783360000
236-KA1;Dogu Anadolu;Kars;KARS MERKEZ;KARS MERKEZ;4059267000;4307783100
335-IZ2;Ege;Izmir;KARSIYAKA;KONAK;3841885000;2712872000
734-IS4;Marmara;Istanbul;KARTAL;SULTANBEYLI;4089965100;2919364900
741-KO2;Marmara;Kocaeli;KARTEPE;IZMIT;4070139170;3008963130
637-KA1;Karadeniz;Kastamonu;KASTAMONU MERKEZ;SEYDILER;4138871000;3378273000
17-AN2;Akdeniz;Antalya;KAS;DEMRE;3620444100;2963898100
655-SA3;Karadeniz;Samsun;KAVAK;ILKADIM;4107361110;3604027780
348-MU3;Ege;Mugla;KAVAKLIDERE;MUGLA MERKEZ;3744694440;2836333330
421-DI2;Guneydogu Anadolu;Diyarbakır;KAYAPINAR;SUR;3791441000;4023062900
754-SA2;Marmara;Sakarya;KAYNARCA;ERENLER;4103466000;3031016000
681-DU1;Karadeniz;Duzce;KAYNASLI;DUZCE MERKEZ;4077733670;3130326690
56-AN4;Ic Anadolu;Ankara;KAZAN;YENIMAHALLE;4023166670;3268388890
570-KA1;Ic Anadolu;Karaman;KAZIMKARABEKIR;KARAMAN MERKEZ;3723027780;3295888890
223-EL1;Dogu Anadolu;Elazıg;KEBAN;ELAZIG MERKEZ;3879392960;3874193670
132-IS1;Akdeniz;Isparta;KECIBORLU;ISPARTA MERKEZ;3794819940;3030607060
56-AN4;Ic Anadolu;Ankara;KECIOREN;YENIMAHALLE;4002106230;3283101500
716-BU1;Marmara;Bursa;KELES;INEGOL;3991361110;2922944440
629-GU1;Karadeniz;Gumushane;KELKIT;GUMUSHANE MERKEZ;4012861110;3943833330
224-ER1;Dogu Anadolu;Erzincan;KEMAH;ERZINCAN MERKEZ;3960277780;3903555560
224-ER1;Dogu Anadolu;Erzincan;KEMALIYE;ERZINCAN MERKEZ;3926083330;3849666670
335-IZ2;Ege;Izmir;KEMALPASA;KONAK;3842632300;2742305200
17-AN3;Akdeniz;Antalya;KEMER/ANTALYA;KEPEZ;3659238100;3054771000
115-BU1;Akdeniz;Burdur;KEMER/BURDUR;BURDUR MERKEZ;3735200000;3006300000
17-AN3;Akdeniz;Antalya;KEPEZ;KEPEZ;3688414000;3070563000
310-BA1;Ege;Balıkesir;KEPSUT;BALIKESIR MERKEZ;3968888890;2815222220
571-KI1;Ic Anadolu;Kırıkkale;KESKIN;KIRIKKALE MERKEZ;3967305560;3361361110
716-BU3;Marmara;Bursa;KESTEL;OSMANGAZI;4019561050;2921173650
722-ED1;Marmara;Edirne;KESAN;EDIRNE MERKEZ;4085000000;2663333330
628-GI1;Karadeniz;Giresun;KESAP;GIRESUN MERKEZ;4091666670;3851666670
614-BO1;Karadeniz;Bolu;KIBRISCIK;BOLU MERKEZ;4040868150;3184721230
335-IZ1;Ege;Izmir;KINIK;BERGAMA;3908837100;2738069000
131-HA3;Akdeniz;Hatay;KIRIKHAN;ISKENDERUN;3649795900;3636412800
571-KI1;Ic Anadolu;Kırıkkale;KIRIKKALE MERKEZ;KIRIKKALE MERKEZ;3984682100;3351525100
345-MA1;Ege;Manisa;KIRKAGAC;KIRKAGAC;3910937900;2766620100
739-KI2;Marmara;Kırklareli;KIRKLARELI MERKEZ;KIRKLARELI;4173333330;2721666670
540-KI1;Ic Anadolu;Kırsehir;KIRSEHIR MERKEZ;KIRSEHIR;3915000000;3416666670
56-AN2;Ic Anadolu;Ankara;KIZILCAHAMAM;CUBUK;4046972220;3265055560
518-CA1;Ic Anadolu;Cankırı;KIZILIRMAK;CANKIRI MERKEZ;4035000000;3398333330
33-AF1;Ege;Afyonkarahisar;KIZILOREN;AFYONKARAHISAR MERKEZ;3796290310;2980194980
447-MA1;Guneydogu Anadolu;Mardin;KIZILTEPE;MARDIN;3719388890;4058611110
212-BI1;Dogu Anadolu;Bingol;KIGI;BINGOL MERKEZ;3931666670;4035000000
479-KI1;Guneydogu Anadolu;Kilis;KILIS MERKEZ;KILIS MERKEZ;3671839900;3712122000
335-IZ3;Ege;Izmir;KIRAZ;ODEMIS;3823060000;2820440000
754-SA3;Marmara;Sakarya;KOCAALI;KARASU;4105472220;3085027780
421-DI2;Guneydogu Anadolu;Diyarbakır;KOCAKOY;SUR;3828972220;4050138890
538-KA3;Ic Anadolu;Kayseri;KOCASINAN;MELIKGAZI;3873333330;3548333330
39-AY2;Ege;Aydın;KOCARLI;GERMENCIK;3776174900;2770397000
739-KI2;Marmara;Kırklareli;KOFCAZ;KIRKLARELI;4193990500;2716206300
335-IZ2;Ege;Izmir;KONAK;KONAK;3841448020;2714412270
17-AN3;Akdeniz;Antalya;KONYAALTI;KEPEZ;3688414000;3070563000
652-OR2;Karadeniz;Ordu;KORGAN;UNYE;4082472220;3734666670
518-CA1;Ic Anadolu;Cankırı;KORGUN;CANKIRI MERKEZ;4073333330;3351666670
249-MU1;Dogu Anadolu;Mus;KORKUT;MUS MERKEZ;3874424820;4178392870
17-AN3;Akdeniz;Antalya;KORKUTELI;KEPEZ;3706666670;3020000000
223-EL2;Dogu Anadolu;Elazıg;KOVANCILAR;KOVANCILAR;3871666670;3986666670
558-SI1;Ic Anadolu;Sivas;KOYULHISAR;IMRANLI;4030000000;3783333330
550-NE1;Ic Anadolu;Nevsehir;KOZAKLI;NEVSEHIR MERKEZ;3921655160;3484861990
11-AD2;Akdeniz;Adana;KOZAN;KOZAN;3745000000;3580000000
472-BA2;Guneydogu Anadolu;Batman;KOZLUK;KOZLUK;3819444440;4149111110
345-MA3;Ege;Manisa;KOPRUBASI/MANISA;SALIHLI;3874972220;2840472220
661-TR1;Karadeniz;Trabzon;KOPRUBASI/TRABZON;SURMENE;4080815260;4012259390
225-ER1;Dogu Anadolu;Erzurum;KOPRUKOY;NARMAN;3997555560;4187111110
741-KO2;Marmara;Kocaeli;KORFEZ;IZMIT;4074613000;2978953000
629-GU1;Karadeniz;Gumushane;KOSE;GUMUSHANE MERKEZ;4021036900;3965073000
39-AY3;Ege;Aydın;KOSK;NAZILLI;3785330000;2805170000
348-MU3;Ege;Mugla;KOYCEGIZ;MUGLA MERKEZ;3697126000;2868884100
345-MA3;Ege;Manisa;KULA;SALIHLI;3854583330;2864944440
421-DI2;Guneydogu Anadolu;Diyarbakır;KULP;SUR;3850166670;4101166670
542-KO1;Ic Anadolu;Konya;KULU;CIHANBEYLI;3908916670;3308055560
244-MA1;Dogu Anadolu;Malatya;KULUNCAK;HEKIMHAN;3888333330;3766666670
131-HA2;Akdeniz;Hatay;KUMLU;HATAY MERKEZ;3637173860;3645537270
17-AN2;Akdeniz;Antalya;KUMLUCA;DEMRE;3636283100;3028642100
652-OR2;Karadeniz;Ordu;KUMRU;UNYE;4087444440;3726388890
518-CA1;Ic Anadolu;Cankırı;KURSUNLU;CANKIRI MERKEZ;4083968350;3325775470
456-SI1;Guneydogu Anadolu;Siirt;KURTALAN;SIIRT MERKEZ;3792662000;4169475730
674-BA1;Karadeniz;Bartın;KURUCASILE;BARTIN MERKEZ;4184194740;3271608290
39-AY2;Ege;Aydın;KUSADASI;GERMENCIK;3786000000;2726000000
39-AY3;Ege;Aydın;KUYUCAK;NAZILLI;3791530000;2845920000
734-IS1;Marmara;Istanbul;KUCUKCEKMECE;ESENYURT;4100865800;2877534200
637-KA1;Karadeniz;Kastamonu;KURE;SEYDILER;4180477310;3371068550
629-GU1;Karadeniz;Gumushane;KURTUN;GUMUSHANE MERKEZ;4069098660;3910299130
343-KU2;Ege;Kutahya;KUTAHYA MERKEZ;KUTAHYA;3941666670;2998333330
619-CO2;Karadeniz;Corum;LACIN;OSMANCIK;4076934310;3489689600
655-SA3;Karadeniz;Samsun;LADIK;ILKADIM;4091055560;3589194440
722-ED1;Marmara;Edirne;LALAPASA;EDIRNE MERKEZ;4183333330;2673333330
717-CA2;Marmara;Canakkale;LAPSEKI;LAPSEKI;4035299000;2669954780
421-DI2;Guneydogu Anadolu;Diyarbakır;LICE;SUR;3846049830;4064685730
739-KI2;Marmara;Kırklareli;LULEBURGAZ;KIRKLARELI;4140000000;2735000000
661-TR2;Karadeniz;Trabzon;MACKA;TRABZON MERKEZ;4081666670;3961666670
223-EL2;Dogu Anadolu;Elazıg;MADEN;KOVANCILAR;3838972220;3966861110
526-ES1;Ic Anadolu;Eskisehir;MAHMUDIYE;SIVRIHISAR;3949732700;3098891300
244-MA2;Dogu Anadolu;Malatya;MALATYA MERKEZ;MALATYA;3835519000;3830946000
249-MU1;Dogu Anadolu;Mus;MALAZGIRT;MUS MERKEZ;3915005100;4255410000
759-TE3;Marmara;Tekirdag;MALKARA;TEKIRDAG MERKEZ;4089333330;2690416670
734-IS4;Marmara;Istanbul;MALTEPE;SULTANBEYLI;4094904700;2917410900
56-AN1;Ic Anadolu;Ankara;MAMAK;CANKAYA;3989004360;3301135680
17-AN4;Akdeniz;Antalya;MANAVGAT;MANAVGAT;3679008100;3146286000
345-MA2;Ege;Manisa;MANISA MERKEZ;MANISA;3861909900;2742892100
310-BA3;Ege;Balıkesir;MANYAS;ERDEK;4004638890;2797000000
447-MA1;Guneydogu Anadolu;Mardin;MARDIN MERKEZ;MARDIN;3731223610;4073511200
310-BA3;Ege;Balıkesir;MARMARA;ERDEK;4058750000;2755527780
759-TE2;Marmara;Tekirdag;MARMARAEREGLISI;CORLU;4097000000;2795500000
348-MU3;Ege;Mugla;MARMARIS;MUGLA MERKEZ;3686341100;2827504000
262-TU1;Dogu Anadolu;Tunceli;MAZGIRT;TUNCELI MERKEZ;3902166670;3960583330
447-MA1;Guneydogu Anadolu;Mardin;MAZIDAGI;MARDIN;3748333330;4048333330
619-CO1;Karadeniz;Corum;MECITOZU;CORUM MERKEZ;4052000000;3529527780
538-KA3;Ic Anadolu;Kayseri;MELIKGAZI;MELIKGAZI;3873333330;3548333330
335-IZ2;Ege;Izmir;MENDERES;KONAK;3825400000;2713400000
335-IZ2;Ege;Izmir;MENEMEN;KONAK;3860000000;2706666670
614-BO1;Karadeniz;Bolu;MENGEN;BOLU MERKEZ;4093743850;3207628810
542-KO4;Ic Anadolu;Konya;MERAM;MERAM;3786666670;3248333330
722-ED1;Marmara;Edirne;MERIC;EDIRNE MERKEZ;4118900000;2641800000
65-AM1;Karadeniz;Amasya;MERZIFON;AMASYA MERKEZ;4087485900;3545974000
652-OR1;Karadeniz;Ordu;MESUDIYE;ORDU MERKEZ;4046294000;3777082100
133-ME1;Akdeniz;Mersin;MEZITLI;GULNAR;3680000000;3463333330
447-MA1;Guneydogu Anadolu;Mardin;MIDYAT;MARDIN;3731223610;4073511200
526-ES2;Ic Anadolu;Eskisehir;MIHALGAZI;TEPEBASI;4002638890;3057777780
526-ES1;Ic Anadolu;Eskisehir;MIHALICCIK;SIVRIHISAR;3986416670;3149527780
348-MU1;Ege;Mugla;MILAS;BODRUM;3731277780;2778194440
540-KI1;Ic Anadolu;Kırsehir;MUCUR;KIRSEHIR;3906361110;3437833330
716-BU3;Marmara;Bursa;MUDANYA;OSMANGAZI;4037638890;2888333330
614-BO1;Karadeniz;Bolu;MUDURNU;BOLU MERKEZ;4046666670;3121666670
348-MU3;Ege;Mugla;MUGLA MERKEZ;MUGLA MERKEZ;3721527780;2836361110
265-VA2;Dogu Anadolu;Van;MURADIYE;MURADIYE;3899472220;4376805560
759-TE3;Marmara;Tekirdag;MURATLI;TEKIRDAG MERKEZ;4117404900;2750878900
17-AN3;Akdeniz;Antalya;MURATPASA;KEPEZ;3688275940;3076947600
68-AR1;Karadeniz;Artvin;MURGUL;ARTVIN MERKEZ;4125000000;4165000000
479-KI1;Guneydogu Anadolu;Kilis;MUSABEYLI;KILIS MERKEZ;3688640000;3691860000
716-BU2;Marmara;Bursa;MUSTAFAKEMALPASA;MUSTAFAKEMALPASA;4003530000;2841170000
249-MU1;Dogu Anadolu;Mus;MUS MERKEZ;MUS MERKEZ;3874329260;4150648230
133-ME2;Akdeniz;Mersin;MUT;SILIFKE;3664433600;3343554990
213-BI1;Dogu Anadolu;Bitlis;MUTKI;BITLIS MERKEZ;3841023860;4191849570
56-AN3;Ic Anadolu;Ankara;NALLIHAN;POLATLI;4019160100;3135994900
335-IZ2;Ege;Izmir;NARLIDERE;KONAK;3839099890;2700290150
225-ER1;Dogu Anadolu;Erzurum;NARMAN;NARMAN;4034505800;4186719900
262-TU1;Dogu Anadolu;Tunceli;NAZIMIYE;TUNCELI MERKEZ;3918111110;3982888890
39-AY3;Ege;Aydın;NAZILLI;NAZILLI;3791041900;2832025900
550-NE1;Ic Anadolu;Nevsehir;NEVSEHIR MERKEZ;NEVSEHIR MERKEZ;3862442000;3472396900
551-NI1;Ic Anadolu;Nigde;NIGDE MERKEZ;NIGDE MERKEZ;3796666670;3468333330
660-TO1;Karadeniz;Tokat;NIKSAR;TOKAT MERKEZ;4059054200;3695360200
716-BU3;Marmara;Bursa;NILUFER;OSMANGAZI;4018257000;2906687000
427-GA2;Guneydogu Anadolu;Gaziantep;NIZIP;NIZIP;3701666670;3780000000
427-GA1;Guneydogu Anadolu;Gaziantep;NURDAGI;ISLAHIYE;3717917190;3673615390
146-KA1;Akdeniz;Kahramanmaras;NURHAK;ELBISTAN;3796666670;3743333330
447-MA2;Guneydogu Anadolu;Mardin;NUSAYBIN;NUSAYBIN;3707568760;4121452070
526-ES2;Ic Anadolu;Eskisehir;ODUNPAZARI;TEPEBASI;3978430200;3051922000
661-TR1;Karadeniz;Trabzon;OF;SURMENE;4094540460;4026902800
427-GA3;Guneydogu Anadolu;Gaziantep;OGUZELI;SAHINBEY;3696574240;3751347500
619-CO1;Karadeniz;Corum;OGUZLAR;CORUM MERKEZ;4055055560;3495555560
225-ER1;Dogu Anadolu;Erzurum;OLTU;NARMAN;4054555560;4199555560
225-ER1;Dogu Anadolu;Erzurum;OLUR;NARMAN;4083333330;4213333330
655-SA1;Karadeniz;Samsun;ONDOKUZMAYIS;BAFRA;4150000000;3608333300
652-OR1;Karadeniz;Ordu;ORDU MERKEZ;ORDU MERKEZ;4098333330;3788333330
716-BU3;Marmara;Bursa;ORHANELI;OSMANGAZI;3990671900;2898862100
716-BU4;Marmara;Bursa;ORHANGAZI;YILDIRIM;4050112900;2931068000
518-CA1;Ic Anadolu;Cankırı;ORTA;CANKIRI MERKEZ;4062406840;3311162340
348-MU2;Ege;Mugla;ORTACA;FETHIYE;3683777780;2876611110
568-AK1;Ic Anadolu;Aksaray;ORTAKOY;AGACOREN;3873611110;3404027780
619-CO1;Karadeniz;Corum;ORTAKOY/CORUM;CORUM MERKEZ;4027333560;3524903120
619-CO2;Karadeniz;Corum;OSMANCIK;OSMANCIK;4097406000;3480215800
711-BI1;Marmara;Bilecik;OSMANELI;BILECIK MERKEZ;4035931030;3001162710
716-BU3;Marmara;Bursa;OSMANGAZI;OSMANGAZI;4018257000;2906687000
180-OS2;Akdeniz;Osmaniye;OSMANIYE MERKEZ;OSMANIYE MERKEZ;3706805000;3626158900
224-ER1;Dogu Anadolu;Erzincan;OTLUKBELI;ERZINCAN MERKEZ;3997396550;4002241650
678-KA1;Karadeniz;Karabuk;OVACIK/KARABUK;KARABUK MERKEZ;4107611110;3292194440
262-TU1;Dogu Anadolu;Tunceli;OVACIK/TUNCELI;TUNCELI MERKEZ;3935833330;3921611110
335-IZ3;Ege;Izmir;ODEMIS;ODEMIS;3823055560;2797166670
447-MA1;Guneydogu Anadolu;Mardin;OMERLI;MARDIN;3740092490;4095632600
265-VA2;Dogu Anadolu;Van;OZALP;MURADIYE;3865800370;4399199590
538-KA3;Ic Anadolu;Kayseri;OZVATAN;MELIKGAZI;3873333330;3548333330
225-ER2;Dogu Anadolu;Erzurum;PALANDOKEN;YAKUTIYE;3990431890;4126788530
223-EL2;Dogu Anadolu;Elazıg;PALU;KOVANCILAR;3870547280;3995252860
754-SA2;Marmara;Sakarya;PAMUKOVA;ERENLER;4050527010;3016759020
225-ER2;Dogu Anadolu;Erzurum;PASINLER;YAKUTIYE;3997972220;4167555560
24-AG2;Dogu Anadolu;Agrı;PATNOS;HAMUR;3923333330;4286666670
653-RI1;Karadeniz;Rize;PAZAR/RIZE;RIZE MERKEZ;4118004300;4089140220
660-TO1;Karadeniz;Tokat;PAZAR/TOKAT;TOKAT MERKEZ;4027768770;3628762190
146-KA3;Akdeniz;Kahramanmaras;PAZARCIK;KAHRAMANMARAS MERKEZ;3748983490;3729453030
343-KU1;Ege;Kutahya;PAZARLAR;HISARCIK;3899710920;2912452550
711-BI1;Marmara;Bilecik;PAZARYERI;BILECIK MERKEZ;3999648740;2990755160
225-ER2;Dogu Anadolu;Erzurum;PAZARYOLU;YAKUTIYE;4041590900;4076882900
739-KI2;Marmara;Kırklareli;PEHLIVANKOY;KIRKLARELI;4134805560;2691972220
734-IS4;Marmara;Istanbul;PENDIK;SULTANBEYLI;4087932600;2925813500
652-OR1;Karadeniz;Ordu;PERSEMBE;ORDU MERKEZ;4106555560;3777138890
262-TU1;Dogu Anadolu;Tunceli;PERTEK;TUNCELI MERKEZ;3886694440;3932611110
456-SI1;Guneydogu Anadolu;Siirt;PERVARI;SIIRT MERKEZ;3793095050;4254653580
637-KA1;Karadeniz;Kastamonu;PINARBASI/KASTAMONU;SEYDILER;4160243920;3310568160
538-KA1;Ic Anadolu;Kayseri;PINARBASI/KAYSERI;BUNYAN;3872200000;3639100000
739-KI2;Marmara;Kırklareli;PINARHISAR;KIRKLARELI;4162812820;2751220860
628-GI1;Karadeniz;Giresun;PIRAZIZ;GIRESUN MERKEZ;4095154920;3812008370
479-KI1;Guneydogu Anadolu;Kilis;POLATELI;KILIS MERKEZ;3684087740;3714462010
56-AN3;Ic Anadolu;Ankara;POLATLI;POLATLI;3958416670;3214722220
275-AR1;Dogu Anadolu;Ardahan;POSOF;ARDAHAN MERKEZ;4151055560;4272916670
11-AD3;Akdeniz;Adana;POZANTI;SEYHAN;3742777780;3487111110
56-AN4;Ic Anadolu;Ankara;PURSAKLAR;YENIMAHALLE;4004884180;3289531870
262-TU1;Dogu Anadolu;Tunceli;PULUMUR;TUNCELI MERKEZ;3948333330;3990000000
244-MA2;Dogu Anadolu;Malatya;PUTURGE;MALATYA;3819666670;3886972220
224-ER1;Dogu Anadolu;Erzincan;REFAHIYE;ERZINCAN MERKEZ;3990164870;3876831420
660-TO2;Karadeniz;Tokat;RESADIYE;ZILE;4020760000;3568542100
131-HA2;Akdeniz;Hatay;REYHANLI;HATAY MERKEZ;3626718100;3657366900
653-RI1;Karadeniz;Rize;RIZE MERKEZ;RIZE MERKEZ;4102005000;4052344900
678-KA1;Karadeniz;Karabuk;SAFRANBOLU;KARABUK MERKEZ;4125626000;3269162000
11-AD4;Akdeniz;Adana;SAIMBEYLI;TUFANBEYLI;3798818270;3609205840
655-SA2;Karadeniz;Samsun;SALIPAZARI;CARSAMBA;4108055250;3682663280
345-MA3;Ege;Manisa;SALIHLI;SALIHLI;3848111110;2813916670
131-HA2;Akdeniz;Hatay;SAMANDAG;HATAY MERKEZ;3608239000;3599932100
42-AD1;Guneydogu Anadolu;Adıyaman;SAMSAT;ADIYAMAN MERKEZ;3757928870;3848236400
734-IS4;Marmara;Istanbul;SANCAKTEPE;SULTANBEYLI;4102870280;2929018290
33-AF1;Ege;Afyonkarahisar;SANDIKLI;AFYONKARAHISAR MERKEZ;3846538900;3027024100
754-SA2;Marmara;Sakarya;SAPANCA;ERENLER;4069054100;3026344700
759-TE1;Marmara;Tekirdag;SARAY/TEKIRDAG;CERKEZKOY;4144254190;2792197100
265-VA2;Dogu Anadolu;Van;SARAY/VAN;MURADIYE;3865055560;4417000000
657-SI1;Karadeniz;Sinop;SARAYDUZU;SINOP MERKEZ;4132816180;3484746330
566-YO2;Ic Anadolu;Yozgat;SARAYKENT;SORGUN;3969361110;3551111110
320-DE3;Ege;Denizli;SARAYKOY;DENIZLI MERKEZ;3792645270;2892666210
542-KO4;Ic Anadolu;Konya;SARAYONU;MERAM;3826611110;3240638890
526-ES2;Ic Anadolu;Eskisehir;SARICAKAYA;TEPEBASI;4004034440;3061711300
11-AD3;Akdeniz;Adana;SARICAM;SEYHAN;3700000000;3532133330
345-MA3;Ege;Manisa;SARIGOL;SALIHLI;3824027780;2869888890
236-KA1;Dogu Anadolu;Kars;SARIKAMIS;KARS MERKEZ;4033192100;4259516900
566-YO1;Ic Anadolu;Yozgat;SARIKAYA;BOGAZLIYAN;3949361110;3537694440
538-KA1;Ic Anadolu;Kayseri;SARIOGLAN;BUNYAN;3907939990;3596525860
570-KA1;Ic Anadolu;Karaman;SARIVELILER;KARAMAN MERKEZ;3670116540;3261926720
568-AK1;Ic Anadolu;Aksaray;SARIYAHSI;AGACOREN;3898333330;3385000000
734-IS2;Marmara;Istanbul;SARIYER;KAGITHANE;4116632800;2904995000
538-KA1;Ic Anadolu;Kayseri;SARIZ;BUNYAN;3847916670;3650055560
345-MA2;Ege;Manisa;SARUHANLI;MANISA;3873416670;2756583330
472-BA2;Guneydogu Anadolu;Batman;SASON;KOZLUK;3833333330;4141666670
310-BA1;Ege;Balıkesir;SAVASTEPE;BALIKESIR MERKEZ;3938388890;2765472220
447-MA1;Guneydogu Anadolu;Mardin;SAVUR;MARDIN;3753785790;4088967180
614-BO1;Karadeniz;Bolu;SEBEN;BOLU MERKEZ;4040907190;3157410360
335-IZ4;Ege;Izmir;SEFERIHISAR;URLA;3819892100;2683733900
335-IZ2;Ege;Izmir;SELCUK;KONAK;3794988800;2737014200
542-KO4;Ic Anadolu;Konya;SELCUKLU;MERAM;3786666670;3248333330
345-MA3;Ege;Manisa;SELENDI;SALIHLI;3874444440;2886777780
236-KA1;Dogu Anadolu;Kars;SELIM;KARS MERKEZ;4046333330;4278583330
132-IS1;Akdeniz;Isparta;SENIRKENT;ISPARTA MERKEZ;3810540910;3054805780
754-SA2;Marmara;Sakarya;SERDIVAN;ERENLER;4075687930;3037813800
17-AN4;Akdeniz;Antalya;SERIK;MANAVGAT;3692182200;3110127100
320-DE1;Ege;Denizli;SERINHISAR;ACIPAYAM;3758066450;2926984890
637-KA1;Karadeniz;Kastamonu;SEYDILER;SEYDILER;4161936140;3371546170
542-KO4;Ic Anadolu;Konya;SEYDISEHIR;MERAM;3742390800;3185071000
11-AD3;Akdeniz;Adana;SEYHAN;SEYHAN;3700000000;3532133330
526-ES2;Ic Anadolu;Eskisehir;SEYITGAZI;TEPEBASI;3944472220;3069472220
310-BA1;Ege;Balıkesir;SINDIRGI;BALIKESIR MERKEZ;3924000000;2817500000
456-SI1;Guneydogu Anadolu;Siirt;SIIRT MERKEZ;SIIRT MERKEZ;3794429000;4193288000
133-ME2;Akdeniz;Mersin;SILIFKE;SILIFKE;3637530140;3393318740
734-IS3;Marmara;Istanbul;SILIVRI;SILIVRI;4108015800;2826829000
473-SI1;Guneydogu Anadolu;Sırnak;SILOPI;CIZRE;3724825040;4247233150
421-DI2;Guneydogu Anadolu;Diyarbakır;SILVAN;SUR;3814222220;4100138890
343-KU1;Ege;Kutahya;SIMAV;HISARCIK;3909273900;2897761000
33-AF1;Ege;Afyonkarahisar;SINANPASA;AFYONKARAHISAR MERKEZ;3874379600;3024406090
56-AN4;Ic Anadolu;Ankara;SINCAN;YENIMAHALLE;3996675100;3258422900
42-AD1;Guneydogu Anadolu;Adıyaman;SINCIK;ADIYAMAN MERKEZ;3803805560;3861583330
657-SI1;Karadeniz;Sinop;SINOP MERKEZ;SINOP MERKEZ;4202642220;3515507450
558-SI2;Ic Anadolu;Sivas;SIVAS MERKEZ;SIVAS MERKEZ;3974766200;3701787900
364-US1;Ege;Usak;SIVASLI;USAK MERKEZ;3849870100;2968178450
463-SA3;Guneydogu Anadolu;Sanlıurfa;SIVEREK;SIVEREK;3775201000;3933206900
223-EL1;Dogu Anadolu;Elazıg;SIVRICE;ELAZIG MERKEZ;3844666670;3931166670
526-ES1;Ic Anadolu;Eskisehir;SIVRIHISAR;SIVRIHISAR;3945000000;3153777780
212-BI1;Dogu Anadolu;Bingol;SOLHAN;BINGOL MERKEZ;3896898560;4105238810
345-MA1;Ege;Manisa;SOMA;KIRKAGAC;3918833330;2760888890
566-YO2;Ic Anadolu;Yozgat;SORGUN;SORGUN;3981280300;3518165200
711-BI1;Marmara;Bilecik;SOGUT;BILECIK MERKEZ;4001861110;3018138890
754-SA2;Marmara;Sakarya;SOGUTLU;ERENLER;4090369930;3046909750
39-AY2;Ege;Aydın;SOKE;GERMENCIK;3775608100;2740393100
571-KI1;Ic Anadolu;Kırıkkale;SULAKYURT;KIRIKKALE MERKEZ;4015750000;3371750000
734-IS4;Marmara;Istanbul;SULTANBEYLI;SULTANBEYLI;4096111230;2926694380
33-AF2;Ege;Afyonkarahisar;SULTANDAGI;BOLVADIN;3853333330;3123333330
734-IS2;Marmara;Istanbul;SULTANGAZI;KAGITHANE;4112557940;2887133140
39-AY3;Ege;Aydın;SULTANHISAR;NAZILLI;3788970000;2815750000
65-AM1;Karadeniz;Amasya;SULUOVA;AMASYA MERKEZ;4083333330;3565000000
660-TO2;Karadeniz;Tokat;SULUSARAY;ZILE;3999655870;3608475900
180-OS1;Akdeniz;Osmaniye;SUMBAS;KADIRLI;3744318370;3603224590
619-CO1;Karadeniz;Corum;SUNGURLU;CORUM MERKEZ;4016100000;3437700000
421-DI2;Guneydogu Anadolu;Diyarbakır;SUR;SUR;3805976060;4038860400
463-SA2;Guneydogu Anadolu;Sanlıurfa;SURUC;SANLIURFA MERKEZ;3697465190;3842451560
310-BA1;Ege;Balıkesir;SUSURLUK;BALIKESIR MERKEZ;3991886900;2815710100
236-KA1;Dogu Anadolu;Kars;SUSUZ;KARS MERKEZ;4078000000;4313527780
558-SI1;Ic Anadolu;Sivas;SUSEHRI;IMRANLI;4016228100;3809574900
722-ED1;Marmara;Edirne;SULOGLU;EDIRNE MERKEZ;4176666670;2691666670
661-TR1;Karadeniz;Trabzon;SURMENE;SURMENE;4091273860;4011097830
132-IS1;Akdeniz;Isparta;SUTCULER;ISPARTA MERKEZ;3748725100;3098963000
518-CA1;Ic Anadolu;Cankırı;SABANOZU;CANKIRI MERKEZ;4048333330;3328333330
427-GA3;Guneydogu Anadolu;Gaziantep;SAHINBEY;SAHINBEY;3706622000;3738332000
661-TR2;Karadeniz;Trabzon;SALPAZARI;TRABZON MERKEZ;4094185710;3919107150
463-SA2;Guneydogu Anadolu;Sanlıurfa;SANLIURFA MERKEZ;SANLIURFA MERKEZ;3715000000;3880000000
343-KU1;Ege;Kutahya;SAPHANE;HISARCIK;3902777780;2922277780
558-SI2;Ic Anadolu;Sivas;SARKISLA;SIVAS MERKEZ;3935094800;3641759900
132-IS2;Akdeniz;Isparta;SARKIKARAAGAC;YALVAC;3808127200;3136702830
759-TE3;Marmara;Tekirdag;SARKOY;TEKIRDAG MERKEZ;4061343000;2711357000
68-AR1;Karadeniz;Artvin;SAVSAT;ARTVIN MERKEZ;4124190000;4236440000
628-GI1;Karadeniz;Giresun;SEBINKARAHISAR;GIRESUN MERKEZ;4028978750;3842098940
566-YO2;Ic Anadolu;Yozgat;SEFAATLI;SORGUN;3950166670;3475222220
427-GA3;Guneydogu Anadolu;Gaziantep;SEHITKAMIL;SAHINBEY;3706622000;3738332000
230-HA1;Dogu Anadolu;Hakkari;SEMDINLI;HAKKARI MERKEZ;3730283110;4457486960
225-ER1;Dogu Anadolu;Erzurum;SENKAYA;NARMAN;4056666670;4235000000
637-KA1;Karadeniz;Kastamonu;SENPAZAR;SEYDILER;4180694910;3323254450
56-AN1;Ic Anadolu;Ankara;SEREFLIKOCHISAR;CANKAYA;3893951000;3355246000
473-SI2;Guneydogu Anadolu;Sırnak;SIRNAK MERKEZ;SIRNAK MERKEZ;3751638890;4246111110
734-IS4;Marmara;Istanbul;SILE;SULTANBEYLI;4117638890;2961277780
629-GU1;Karadeniz;Gumushane;SIRAN;GUMUSHANE MERKEZ;4018944440;3912666670
456-SI1;Guneydogu Anadolu;Siirt;SIRVAN;SIIRT MERKEZ;3806333330;4202750000
734-IS2;Marmara;Istanbul;SISLI;KAGITHANE;4106000000;2898700000
33-AF1;Ege;Afyonkarahisar;SUHUT;AFYONKARAHISAR MERKEZ;3853333330;3055000000
538-KA3;Ic Anadolu;Kayseri;TALAS;MELIKGAZI;3868602000;3557791100
754-SA1;Marmara;Sakarya;TARAKLI;AKYAZI;4039694440;3049277780
133-ME1;Akdeniz;Mersin;TARSUS;GULNAR;3691666670;3490000000
542-KO4;Ic Anadolu;Konya;TASKENT;MERAM;3692250150;3249483840
637-KA1;Karadeniz;Kastamonu;TASKOPRU;SEYDILER;4151388890;3421472220
24-AG2;Dogu Anadolu;Agrı;TASLICAY;HAMUR;3963438270;4337676610
65-AM1;Karadeniz;Amasya;TASOVA;AMASYA MERKEZ;4076198730;3632264710
213-BI1;Dogu Anadolu;Bitlis;TATVAN;BITLIS MERKEZ;3850222220;4228138890
320-DE3;Ege;Denizli;TAVAS;DENIZLI MERKEZ;3759108000;2906315000
343-KU1;Ege;Kutahya;TAVSANLI;HISARCIK;3954439900;2949157900
115-BU1;Akdeniz;Burdur;TEFENNI;BURDUR MERKEZ;3731098400;2977445120
759-TE3;Marmara;Tekirdag;TEKIRDAG MERKEZ;TEKIRDAG MERKEZ;4098333330;2751666670
655-SA3;Karadeniz;Samsun;TEKKEKOY;ILKADIM;4121250000;3645694440
225-ER2;Dogu Anadolu;Erzurum;TEKMAN;YAKUTIYE;3964500000;4150833330
526-ES2;Ic Anadolu;Eskisehir;TEPEBASI;TEPEBASI;3978430200;3051922000
224-ER1;Dogu Anadolu;Erzincan;TERCAN;ERZINCAN MERKEZ;3977945590;4038508450
777-YA1;Marmara;Yalova;TERMAL;YALOVA MERKEZ;4060527780;2917444440
655-SA2;Karadeniz;Samsun;TERME;CARSAMBA;4120920900;3697065000
335-IZ3;Ege;Izmir;TIRE;ODEMIS;3808858100;2773347100
628-GI2;Karadeniz;Giresun;TIREBOLU;TIREBOLU;4100510240;3881410590
660-TO1;Karadeniz;Tokat;TOKAT MERKEZ;TOKAT MERKEZ;4031666670;3655000000
538-KA2;Ic Anadolu;Kayseri;TOMARZA;DEVELI;3845000000;3580000000
661-TR2;Karadeniz;Trabzon;TONYA;TRABZON MERKEZ;4088540190;3929242690
180-OS2;Akdeniz;Osmaniye;TOPRAKKALE;OSMANIYE MERKEZ;3706701740;3614639340
335-IZ2;Ege;Izmir;TORBALI;KONAK;3817784100;2735334000
133-ME1;Akdeniz;Mersin;TOROSLAR;GULNAR;3680000000;3463333330
225-ER1;Dogu Anadolu;Erzurum;TORTUM;NARMAN;4029920110;4154785080
629-GU1;Karadeniz;Gumushane;TORUL;GUMUSHANE MERKEZ;4055722220;3929194440
637-KA2;Karadeniz;Kastamonu;TOSYA;TOSYA;4101849130;3403737390
661-TR2;Karadeniz;Trabzon;TRABZON MERKEZ;TRABZON MERKEZ;4100000000;3973333330
11-AD4;Akdeniz;Adana;TUFANBEYLI;TUFANBEYLI;3826464170;3622239850
262-TU1;Dogu Anadolu;Tunceli;TUNCELI MERKEZ;TUNCELI MERKEZ;3910798680;3954016720
345-MA2;Ege;Manisa;TURGUTLU;MANISA;3850423800;2770442000
660-TO2;Karadeniz;Tokat;TURHAL;ZILE;4038546000;3607432200
42-AD2;Guneydogu Anadolu;Adıyaman;TUT;BESNI;3779666670;3791500000
24-AG2;Dogu Anadolu;Agrı;TUTAK;HAMUR;3954222220;4277166670
734-IS4;Marmara;Istanbul;TUZLA;SULTANBEYLI;4084200000;2929500000
276-IG1;Dogu Anadolu;Igdır;TUZLUCA;IGDIR MERKEZ;4004534100;4365589100
542-KO2;Ic Anadolu;Konya;TUZLUKCU;DOGANHISAR;3847816800;3163121000
657-SI1;Karadeniz;Sinop;TURKELI;SINOP MERKEZ;4194861110;3433666670
146-KA3;Akdeniz;Kahramanmaras;TURKOGLU;KAHRAMANMARAS MERKEZ;3739140000;3685220000
619-CO1;Karadeniz;Corum;UGURLUDAG;CORUM MERKEZ;4044750400;3445472130
348-MU3;Ege;Mugla;ULA;MUGLA MERKEZ;3710277780;2841666670
558-SI2;Ic Anadolu;Sivas;ULAS;SIVAS MERKEZ;3944382900;3704050800
652-OR1;Karadeniz;Ordu;ULUBEY/ORDU;ORDU MERKEZ;4087101560;3775762390
364-US1;Ege;Usak;ULUBEY/USAK;USAK MERKEZ;3842292940;2929308750
132-IS1;Akdeniz;Isparta;ULUBORLU;ISPARTA MERKEZ;3807890040;3045592580
473-SI2;Guneydogu Anadolu;Sırnak;ULUDERE;SIRNAK MERKEZ;3744974430;4285272690
551-NI1;Ic Anadolu;Nigde;ULUKISLA;NIGDE MERKEZ;3754578810;3448358550
674-BA1;Karadeniz;Bartın;ULUS;BARTIN MERKEZ;4158610000;3264060000
335-IZ4;Ege;Izmir;URLA;URLA;3832457000;2676190000
364-US1;Ege;Usak;USAK MERKEZ;USAK MERKEZ;3868230100;2940819000
225-ER1;Dogu Anadolu;Erzurum;UZUNDERE;NARMAN;4053638890;4154833330
722-ED1;Marmara;Edirne;UZUNKOPRU;EDIRNE MERKEZ;4127125900;2669972000
734-IS2;Marmara;Istanbul;UMRANIYE;KAGITHANE;4103030000;2910650000
652-OR2;Karadeniz;Ordu;UNYE;UNYE;4112783100;3728718900
550-NE1;Ic Anadolu;Nevsehir;URGUP;NEVSEHIR MERKEZ;3855201790;3499475100
734-IS2;Marmara;Istanbul;USKUDAR;KAGITHANE;4103223600;2903193800
224-ER1;Dogu Anadolu;Erzincan;UZUMLU;ERZINCAN MERKEZ;3971000000;3970166670
661-TR2;Karadeniz;Trabzon;VAKFIKEBIR;TRABZON MERKEZ;4104749440;3927980280
265-VA3;Dogu Anadolu;Van;VAN MERKEZ;VAN MERKEZ;3849416670;4338000000
249-MU1;Dogu Anadolu;Mus;VARTO;MUS MERKEZ;3916944440;4145416670
655-SA1;Karadeniz;Samsun;VEZIRKOPRU;BAFRA;4114508100;3545726000
463-SA4;Guneydogu Anadolu;Sanlıurfa;VIRANSEHIR;VIRANSEHIR;3723333330;3976666670
739-KI2;Marmara;Kırklareli;VIZE;KIRKLARELI;4157361110;2776527780
628-GI1;Karadeniz;Giresun;YAGLIDERE;GIRESUN MERKEZ;4086162330;3862549810
571-KI1;Ic Anadolu;Kırıkkale;YAHSIHAN;KIRIKKALE MERKEZ;3985027780;3345361110
538-KA2;Ic Anadolu;Kayseri;YAHYALI;DEVELI;3810000000;3536083330
655-SA1;Karadeniz;Samsun;YAKAKENT;BAFRA;4163310300;3553226270
225-ER2;Dogu Anadolu;Erzurum;YAKUTIYE;YAKUTIYE;3990431890;4126788530
542-KO4;Ic Anadolu;Konya;YALIHUYUK;MERAM;3730361110;3208694440
777-YA1;Marmara;Yalova;YALOVA MERKEZ;YALOVA MERKEZ;4065000000;2926666670
132-IS2;Akdeniz;Isparta;YALVAC;YALVAC;3829523100;3118022900
518-CA1;Ic Anadolu;Cankırı;YAPRAKLI;CANKIRI MERKEZ;4076335100;3377769900
348-MU3;Ege;Mugla;YATAGAN;MUGLA MERKEZ;3734055560;2814027780
427-GA3;Guneydogu Anadolu;Gaziantep;YAVUZELI;SAHINBEY;3732017460;3756677350
131-HA2;Akdeniz;Hatay;YAYLADAGI;HATAY MERKEZ;3590250000;3606060000
212-BI1;Dogu Anadolu;Bingol;YAYLADERE;BINGOL MERKEZ;3922444440;4007250000
244-MA2;Dogu Anadolu;Malatya;YAZIHAN;MALATYA;3859694440;3818777780
212-BI1;Dogu Anadolu;Bingol;YEDISU;BINGOL MERKEZ;3943333330;4055000000
717-CA2;Marmara;Canakkale;YENICE/CANAKKALE;LAPSEKI;3992829100;2726038000
678-KA1;Karadeniz;Karabuk;YENICE/KARABUK;KARABUK MERKEZ;4120000000;3232916670
614-BO1;Karadeniz;Bolu;YENICAGA;BOLU MERKEZ;4077240780;3203582830
566-YO1;Ic Anadolu;Yozgat;YENIFAKILI;BOGAZLIYAN;3921144860;3499750570
56-AN4;Ic Anadolu;Ankara;YENIMAHALLE;YENIMAHALLE;3999042890;3269554700
39-AY3;Ege;Aydın;YENIPAZAR/AYDIN;NAZILLI;3782976900;2819549000
711-BI1;Marmara;Bilecik;YENIPAZAR/BILECIK;BILECIK MERKEZ;4017833330;3052000000
132-IS2;Akdeniz;Isparta;YENISARBADEMLI;YALVAC;3770806910;3138560880
716-BU4;Marmara;Bursa;YENISEHIR/BURSA;YILDIRIM;4026444440;2965305560
421-DI3;Guneydogu Anadolu;Diyarbakır;YENISEHIR/DIYARBAKIR;YENISEHIR/DIYARBAKIR;4026444440;2965305560
133-ME3;Akdeniz;Mersin;YENISEHIR/MERSIN;YENISEHIR/MERSIN;4026444440;2965305560
566-YO2;Ic Anadolu;Yozgat;YERKOY;SORGUN;3963805560;3446722220
538-KA2;Ic Anadolu;Kayseri;YESILHISAR;DEVELI;3835853170;3508010680
447-MA1;Guneydogu Anadolu;Mardin;YESILLI;MARDIN;3734261710;4082494710
115-BU1;Akdeniz;Burdur;YESILOVA;BURDUR MERKEZ;3750805560;2975472220
244-MA2;Dogu Anadolu;Malatya;YESILYURT/MALATYA;MALATYA;3829744890;3824427270
660-TO2;Karadeniz;Tokat;YESILYURT/TOKAT;ZILE;4001037940;3621634070
681-DU1;Karadeniz;Duzce;YIGILCA;DUZCE MERKEZ;4096593900;3144241900
716-BU4;Marmara;Bursa;YILDIRIM;YILDIRIM;4032984420;2955861740
558-SI2;Ic Anadolu;Sivas;YILDIZELI;SIVAS MERKEZ;3986666670;3660000000
661-TR2;Karadeniz;Trabzon;YOMRA;TRABZON MERKEZ;4095428100;3986514060
566-YO2;Ic Anadolu;Yozgat;YOZGAT MERKEZ;SORGUN;3982000000;3480444440
11-AD1;Akdeniz;Adana;YUMURTALIK;CEYHAN;3676666670;3578333330
542-KO2;Ic Anadolu;Konya;YUNAK;DOGANHISAR;3881722220;3173555560
68-AR1;Karadeniz;Artvin;YUSUFELI;ARTVIN MERKEZ;4082538710;4154861630
230-HA1;Dogu Anadolu;Hakkari;YUKSEKOVA;HAKKARI MERKEZ;3756666670;4428333330
11-AD3;Akdeniz;Adana;YUREGIR;SEYHAN;3700000000;3532133330
558-SI1;Ic Anadolu;Sivas;ZARA;IMRANLI;3989500000;3775310000
734-IS2;Marmara;Istanbul;ZEYTINBURNU;KAGITHANE;4099063500;2889614000
660-TO2;Karadeniz;Tokat;ZILE;ZILE;4030000000;3588333330
667-ZO2;Karadeniz;Zonguldak;ZONGULDAK MERKEZ;ZONGULDAK MERKEZ;4145640900;3179873100